tinyimagenet,vnncomp2024_benchmarks/benchmarks/tinyimagenet/TinyImageNet_resnet_medium.onnx,vnncomp2024_benchmarks/benchmarks/tinyimagenet/TinyImageNet_resnet_medium_prop_idx_5936_sidx_6513_eps_0.0039.vnnlib,2.111082471,prepare_instance_error_1,-1
tinyimagenet,vnncomp2024_benchmarks/benchmarks/tinyimagenet/TinyImageNet_resnet_medium.onnx,vnncomp2024_benchmarks/benchmarks/tinyimagenet/TinyImageNet_resnet_medium_prop_idx_9611_sidx_7725_eps_0.0039.vnnlib,2.078591933,prepare_instance_error_1,-1
tinyimagenet,vnncomp2024_benchmarks/benchmarks/tinyimagenet/TinyImageNet_resnet_medium.onnx,vnncomp2024_benchmarks/benchmarks/tinyimagenet/TinyImageNet_resnet_medium_prop_idx_884_sidx_4806_eps_0.0039.vnnlib,2.087550815,prepare_instance_error_1,-1
tinyimagenet,vnncomp2024_benchmarks/benchmarks/tinyimagenet/TinyImageNet_resnet_medium.onnx,vnncomp2024_benchmarks/benchmarks/tinyimagenet/TinyImageNet_resnet_medium_prop_idx_2763_sidx_5006_eps_0.0039.vnnlib,2.073809590,prepare_instance_error_1,-1
tinyimagenet,vnncomp2024_benchmarks/benchmarks/tinyimagenet/TinyImageNet_resnet_medium.onnx,vnncomp2024_benchmarks/benchmarks/tinyimagenet/TinyImageNet_resnet_medium_prop_idx_4603_sidx_2326_eps_0.0039.vnnlib,2.107796993,prepare_instance_error_1,-1
tinyimagenet,vnncomp2024_benchmarks/benchmarks/tinyimagenet/TinyImageNet_resnet_medium.onnx,vnncomp2024_benchmarks/benchmarks/tinyimagenet/TinyImageNet_resnet_medium_prop_idx_1812_sidx_7967_eps_0.0039.vnnlib,2.070377599,prepare_instance_error_1,-1
tinyimagenet,vnncomp2024_benchmarks/benchmarks/tinyimagenet/TinyImageNet_resnet_medium.onnx,vnncomp2024_benchmarks/benchmarks/tinyimagenet/TinyImageNet_resnet_medium_prop_idx_1063_sidx_7948_eps_0.0039.vnnlib,2.067866009,prepare_instance_error_1,-1
tinyimagenet,vnncomp2024_benchmarks/benchmarks/tinyimagenet/TinyImageNet_resnet_medium.onnx,vnncomp2024_benchmarks/benchmarks/tinyimagenet/TinyImageNet_resnet_medium_prop_idx_216_sidx_6006_eps_0.0039.vnnlib,2.071242619,prepare_instance_error_1,-1
tinyimagenet,vnncomp2024_benchmarks/benchmarks/tinyimagenet/TinyImageNet_resnet_medium.onnx,vnncomp2024_benchmarks/benchmarks/tinyimagenet/TinyImageNet_resnet_medium_prop_idx_8852_sidx_1630_eps_0.0039.vnnlib,2.088761893,prepare_instance_error_1,-1
tinyimagenet,vnncomp2024_benchmarks/benchmarks/tinyimagenet/TinyImageNet_resnet_medium.onnx,vnncomp2024_benchmarks/benchmarks/tinyimagenet/TinyImageNet_resnet_medium_prop_idx_516_sidx_8466_eps_0.0039.vnnlib,2.068169146,prepare_instance_error_1,-1
tinyimagenet,vnncomp2024_benchmarks/benchmarks/tinyimagenet/TinyImageNet_resnet_medium.onnx,vnncomp2024_benchmarks/benchmarks/tinyimagenet/TinyImageNet_resnet_medium_prop_idx_8704_sidx_4059_eps_0.0039.vnnlib,2.065313620,prepare_instance_error_1,-1
tinyimagenet,vnncomp2024_benchmarks/benchmarks/tinyimagenet/TinyImageNet_resnet_medium.onnx,vnncomp2024_benchmarks/benchmarks/tinyimagenet/TinyImageNet_resnet_medium_prop_idx_9417_sidx_5438_eps_0.0039.vnnlib,2.101075053,prepare_instance_error_1,-1
tinyimagenet,vnncomp2024_benchmarks/benchmarks/tinyimagenet/TinyImageNet_resnet_medium.onnx,vnncomp2024_benchmarks/benchmarks/tinyimagenet/TinyImageNet_resnet_medium_prop_idx_930_sidx_5056_eps_0.0039.vnnlib,2.076437072,prepare_instance_error_1,-1
tinyimagenet,vnncomp2024_benchmarks/benchmarks/tinyimagenet/TinyImageNet_resnet_medium.onnx,vnncomp2024_benchmarks/benchmarks/tinyimagenet/TinyImageNet_resnet_medium_prop_idx_6546_sidx_3168_eps_0.0039.vnnlib,2.081943931,prepare_instance_error_1,-1
tinyimagenet,vnncomp2024_benchmarks/benchmarks/tinyimagenet/TinyImageNet_resnet_medium.onnx,vnncomp2024_benchmarks/benchmarks/tinyimagenet/TinyImageNet_resnet_medium_prop_idx_5634_sidx_9441_eps_0.0039.vnnlib,2.099085447,prepare_instance_error_1,-1
tinyimagenet,vnncomp2024_benchmarks/benchmarks/tinyimagenet/TinyImageNet_resnet_medium.onnx,vnncomp2024_benchmarks/benchmarks/tinyimagenet/TinyImageNet_resnet_medium_prop_idx_6461_sidx_2771_eps_0.0039.vnnlib,2.087518164,prepare_instance_error_1,-1
tinyimagenet,vnncomp2024_benchmarks/benchmarks/tinyimagenet/TinyImageNet_resnet_medium.onnx,vnncomp2024_benchmarks/benchmarks/tinyimagenet/TinyImageNet_resnet_medium_prop_idx_7575_sidx_6502_eps_0.0039.vnnlib,2.078136853,prepare_instance_error_1,-1
tinyimagenet,vnncomp2024_benchmarks/benchmarks/tinyimagenet/TinyImageNet_resnet_medium.onnx,vnncomp2024_benchmarks/benchmarks/tinyimagenet/TinyImageNet_resnet_medium_prop_idx_879_sidx_6242_eps_0.0039.vnnlib,2.083372556,prepare_instance_error_1,-1
tinyimagenet,vnncomp2024_benchmarks/benchmarks/tinyimagenet/TinyImageNet_resnet_medium.onnx,vnncomp2024_benchmarks/benchmarks/tinyimagenet/TinyImageNet_resnet_medium_prop_idx_4742_sidx_5455_eps_0.0039.vnnlib,2.081033160,prepare_instance_error_1,-1
tinyimagenet,vnncomp2024_benchmarks/benchmarks/tinyimagenet/TinyImageNet_resnet_medium.onnx,vnncomp2024_benchmarks/benchmarks/tinyimagenet/TinyImageNet_resnet_medium_prop_idx_2301_sidx_9400_eps_0.0039.vnnlib,2.086820277,prepare_instance_error_1,-1
tinyimagenet,vnncomp2024_benchmarks/benchmarks/tinyimagenet/TinyImageNet_resnet_medium.onnx,vnncomp2024_benchmarks/benchmarks/tinyimagenet/TinyImageNet_resnet_medium_prop_idx_6923_sidx_8593_eps_0.0039.vnnlib,2.104697510,prepare_instance_error_1,-1
tinyimagenet,vnncomp2024_benchmarks/benchmarks/tinyimagenet/TinyImageNet_resnet_medium.onnx,vnncomp2024_benchmarks/benchmarks/tinyimagenet/TinyImageNet_resnet_medium_prop_idx_842_sidx_3836_eps_0.0039.vnnlib,2.065662718,prepare_instance_error_1,-1
tinyimagenet,vnncomp2024_benchmarks/benchmarks/tinyimagenet/TinyImageNet_resnet_medium.onnx,vnncomp2024_benchmarks/benchmarks/tinyimagenet/TinyImageNet_resnet_medium_prop_idx_3973_sidx_9461_eps_0.0039.vnnlib,2.080867427,prepare_instance_error_1,-1
tinyimagenet,vnncomp2024_benchmarks/benchmarks/tinyimagenet/TinyImageNet_resnet_medium.onnx,vnncomp2024_benchmarks/benchmarks/tinyimagenet/TinyImageNet_resnet_medium_prop_idx_84_sidx_6303_eps_0.0039.vnnlib,2.090617407,prepare_instance_error_1,-1
tinyimagenet,vnncomp2024_benchmarks/benchmarks/tinyimagenet/TinyImageNet_resnet_medium.onnx,vnncomp2024_benchmarks/benchmarks/tinyimagenet/TinyImageNet_resnet_medium_prop_idx_4954_sidx_1895_eps_0.0039.vnnlib,2.071817473,prepare_instance_error_1,-1
tinyimagenet,vnncomp2024_benchmarks/benchmarks/tinyimagenet/TinyImageNet_resnet_medium.onnx,vnncomp2024_benchmarks/benchmarks/tinyimagenet/TinyImageNet_resnet_medium_prop_idx_9437_sidx_5480_eps_0.0039.vnnlib,2.077329493,prepare_instance_error_1,-1
tinyimagenet,vnncomp2024_benchmarks/benchmarks/tinyimagenet/TinyImageNet_resnet_medium.onnx,vnncomp2024_benchmarks/benchmarks/tinyimagenet/TinyImageNet_resnet_medium_prop_idx_6317_sidx_1454_eps_0.0039.vnnlib,2.081481132,prepare_instance_error_1,-1
tinyimagenet,vnncomp2024_benchmarks/benchmarks/tinyimagenet/TinyImageNet_resnet_medium.onnx,vnncomp2024_benchmarks/benchmarks/tinyimagenet/TinyImageNet_resnet_medium_prop_idx_2112_sidx_5986_eps_0.0039.vnnlib,2.107840503,prepare_instance_error_1,-1
tinyimagenet,vnncomp2024_benchmarks/benchmarks/tinyimagenet/TinyImageNet_resnet_medium.onnx,vnncomp2024_benchmarks/benchmarks/tinyimagenet/TinyImageNet_resnet_medium_prop_idx_1939_sidx_6752_eps_0.0039.vnnlib,2.098617176,prepare_instance_error_1,-1
tinyimagenet,vnncomp2024_benchmarks/benchmarks/tinyimagenet/TinyImageNet_resnet_medium.onnx,vnncomp2024_benchmarks/benchmarks/tinyimagenet/TinyImageNet_resnet_medium_prop_idx_6361_sidx_3572_eps_0.0039.vnnlib,2.075929280,prepare_instance_error_1,-1
tinyimagenet,vnncomp2024_benchmarks/benchmarks/tinyimagenet/TinyImageNet_resnet_medium.onnx,vnncomp2024_benchmarks/benchmarks/tinyimagenet/TinyImageNet_resnet_medium_prop_idx_8660_sidx_1745_eps_0.0039.vnnlib,2.122449884,prepare_instance_error_1,-1
tinyimagenet,vnncomp2024_benchmarks/benchmarks/tinyimagenet/TinyImageNet_resnet_medium.onnx,vnncomp2024_benchmarks/benchmarks/tinyimagenet/TinyImageNet_resnet_medium_prop_idx_8372_sidx_8419_eps_0.0039.vnnlib,2.064181261,prepare_instance_error_1,-1
tinyimagenet,vnncomp2024_benchmarks/benchmarks/tinyimagenet/TinyImageNet_resnet_medium.onnx,vnncomp2024_benchmarks/benchmarks/tinyimagenet/TinyImageNet_resnet_medium_prop_idx_395_sidx_9559_eps_0.0039.vnnlib,2.093901401,prepare_instance_error_1,-1
tinyimagenet,vnncomp2024_benchmarks/benchmarks/tinyimagenet/TinyImageNet_resnet_medium.onnx,vnncomp2024_benchmarks/benchmarks/tinyimagenet/TinyImageNet_resnet_medium_prop_idx_1933_sidx_9361_eps_0.0039.vnnlib,2.071978935,prepare_instance_error_1,-1
tinyimagenet,vnncomp2024_benchmarks/benchmarks/tinyimagenet/TinyImageNet_resnet_medium.onnx,vnncomp2024_benchmarks/benchmarks/tinyimagenet/TinyImageNet_resnet_medium_prop_idx_9259_sidx_2193_eps_0.0039.vnnlib,2.098746865,prepare_instance_error_1,-1
tinyimagenet,vnncomp2024_benchmarks/benchmarks/tinyimagenet/TinyImageNet_resnet_medium.onnx,vnncomp2024_benchmarks/benchmarks/tinyimagenet/TinyImageNet_resnet_medium_prop_idx_9340_sidx_2220_eps_0.0039.vnnlib,2.138204065,prepare_instance_error_1,-1
tinyimagenet,vnncomp2024_benchmarks/benchmarks/tinyimagenet/TinyImageNet_resnet_medium.onnx,vnncomp2024_benchmarks/benchmarks/tinyimagenet/TinyImageNet_resnet_medium_prop_idx_1620_sidx_5873_eps_0.0039.vnnlib,2.062531293,prepare_instance_error_1,-1
tinyimagenet,vnncomp2024_benchmarks/benchmarks/tinyimagenet/TinyImageNet_resnet_medium.onnx,vnncomp2024_benchmarks/benchmarks/tinyimagenet/TinyImageNet_resnet_medium_prop_idx_7996_sidx_2038_eps_0.0039.vnnlib,2.087272456,prepare_instance_error_1,-1
tinyimagenet,vnncomp2024_benchmarks/benchmarks/tinyimagenet/TinyImageNet_resnet_medium.onnx,vnncomp2024_benchmarks/benchmarks/tinyimagenet/TinyImageNet_resnet_medium_prop_idx_7926_sidx_589_eps_0.0039.vnnlib,2.116373750,prepare_instance_error_1,-1
tinyimagenet,vnncomp2024_benchmarks/benchmarks/tinyimagenet/TinyImageNet_resnet_medium.onnx,vnncomp2024_benchmarks/benchmarks/tinyimagenet/TinyImageNet_resnet_medium_prop_idx_4965_sidx_4788_eps_0.0039.vnnlib,2.078651171,prepare_instance_error_1,-1
tinyimagenet,vnncomp2024_benchmarks/benchmarks/tinyimagenet/TinyImageNet_resnet_medium.onnx,vnncomp2024_benchmarks/benchmarks/tinyimagenet/TinyImageNet_resnet_medium_prop_idx_5382_sidx_4518_eps_0.0039.vnnlib,2.064631802,prepare_instance_error_1,-1
tinyimagenet,vnncomp2024_benchmarks/benchmarks/tinyimagenet/TinyImageNet_resnet_medium.onnx,vnncomp2024_benchmarks/benchmarks/tinyimagenet/TinyImageNet_resnet_medium_prop_idx_1311_sidx_7237_eps_0.0039.vnnlib,2.064112579,prepare_instance_error_1,-1
tinyimagenet,vnncomp2024_benchmarks/benchmarks/tinyimagenet/TinyImageNet_resnet_medium.onnx,vnncomp2024_benchmarks/benchmarks/tinyimagenet/TinyImageNet_resnet_medium_prop_idx_7889_sidx_4249_eps_0.0039.vnnlib,2.072799955,prepare_instance_error_1,-1
tinyimagenet,vnncomp2024_benchmarks/benchmarks/tinyimagenet/TinyImageNet_resnet_medium.onnx,vnncomp2024_benchmarks/benchmarks/tinyimagenet/TinyImageNet_resnet_medium_prop_idx_5614_sidx_9355_eps_0.0039.vnnlib,2.070837987,prepare_instance_error_1,-1
tinyimagenet,vnncomp2024_benchmarks/benchmarks/tinyimagenet/TinyImageNet_resnet_medium.onnx,vnncomp2024_benchmarks/benchmarks/tinyimagenet/TinyImageNet_resnet_medium_prop_idx_3782_sidx_1103_eps_0.0039.vnnlib,2.084394578,prepare_instance_error_1,-1
tinyimagenet,vnncomp2024_benchmarks/benchmarks/tinyimagenet/TinyImageNet_resnet_medium.onnx,vnncomp2024_benchmarks/benchmarks/tinyimagenet/TinyImageNet_resnet_medium_prop_idx_9079_sidx_5823_eps_0.0039.vnnlib,2.091461404,prepare_instance_error_1,-1
tinyimagenet,vnncomp2024_benchmarks/benchmarks/tinyimagenet/TinyImageNet_resnet_medium.onnx,vnncomp2024_benchmarks/benchmarks/tinyimagenet/TinyImageNet_resnet_medium_prop_idx_1550_sidx_7671_eps_0.0039.vnnlib,2.063154277,prepare_instance_error_1,-1
tinyimagenet,vnncomp2024_benchmarks/benchmarks/tinyimagenet/TinyImageNet_resnet_medium.onnx,vnncomp2024_benchmarks/benchmarks/tinyimagenet/TinyImageNet_resnet_medium_prop_idx_4441_sidx_6620_eps_0.0039.vnnlib,2.075519559,prepare_instance_error_1,-1
tinyimagenet,vnncomp2024_benchmarks/benchmarks/tinyimagenet/TinyImageNet_resnet_medium.onnx,vnncomp2024_benchmarks/benchmarks/tinyimagenet/TinyImageNet_resnet_medium_prop_idx_233_sidx_127_eps_0.0039.vnnlib,2.096698587,prepare_instance_error_1,-1
tinyimagenet,vnncomp2024_benchmarks/benchmarks/tinyimagenet/TinyImageNet_resnet_medium.onnx,vnncomp2024_benchmarks/benchmarks/tinyimagenet/TinyImageNet_resnet_medium_prop_idx_7602_sidx_6083_eps_0.0039.vnnlib,2.094201748,prepare_instance_error_1,-1
tinyimagenet,vnncomp2024_benchmarks/benchmarks/tinyimagenet/TinyImageNet_resnet_medium.onnx,vnncomp2024_benchmarks/benchmarks/tinyimagenet/TinyImageNet_resnet_medium_prop_idx_6112_sidx_1602_eps_0.0039.vnnlib,2.078191452,prepare_instance_error_1,-1
tinyimagenet,vnncomp2024_benchmarks/benchmarks/tinyimagenet/TinyImageNet_resnet_medium.onnx,vnncomp2024_benchmarks/benchmarks/tinyimagenet/TinyImageNet_resnet_medium_prop_idx_3818_sidx_3161_eps_0.0039.vnnlib,2.104626143,prepare_instance_error_1,-1
tinyimagenet,vnncomp2024_benchmarks/benchmarks/tinyimagenet/TinyImageNet_resnet_medium.onnx,vnncomp2024_benchmarks/benchmarks/tinyimagenet/TinyImageNet_resnet_medium_prop_idx_2523_sidx_8847_eps_0.0039.vnnlib,2.081976770,prepare_instance_error_1,-1
tinyimagenet,vnncomp2024_benchmarks/benchmarks/tinyimagenet/TinyImageNet_resnet_medium.onnx,vnncomp2024_benchmarks/benchmarks/tinyimagenet/TinyImageNet_resnet_medium_prop_idx_7583_sidx_4674_eps_0.0039.vnnlib,2.059306016,prepare_instance_error_1,-1
tinyimagenet,vnncomp2024_benchmarks/benchmarks/tinyimagenet/TinyImageNet_resnet_medium.onnx,vnncomp2024_benchmarks/benchmarks/tinyimagenet/TinyImageNet_resnet_medium_prop_idx_7147_sidx_8094_eps_0.0039.vnnlib,2.079202225,prepare_instance_error_1,-1
tinyimagenet,vnncomp2024_benchmarks/benchmarks/tinyimagenet/TinyImageNet_resnet_medium.onnx,vnncomp2024_benchmarks/benchmarks/tinyimagenet/TinyImageNet_resnet_medium_prop_idx_5182_sidx_3085_eps_0.0039.vnnlib,2.067622563,prepare_instance_error_1,-1
tinyimagenet,vnncomp2024_benchmarks/benchmarks/tinyimagenet/TinyImageNet_resnet_medium.onnx,vnncomp2024_benchmarks/benchmarks/tinyimagenet/TinyImageNet_resnet_medium_prop_idx_7819_sidx_6613_eps_0.0039.vnnlib,2.065646035,prepare_instance_error_1,-1
tinyimagenet,vnncomp2024_benchmarks/benchmarks/tinyimagenet/TinyImageNet_resnet_medium.onnx,vnncomp2024_benchmarks/benchmarks/tinyimagenet/TinyImageNet_resnet_medium_prop_idx_2712_sidx_2558_eps_0.0039.vnnlib,2.067901979,prepare_instance_error_1,-1
tinyimagenet,vnncomp2024_benchmarks/benchmarks/tinyimagenet/TinyImageNet_resnet_medium.onnx,vnncomp2024_benchmarks/benchmarks/tinyimagenet/TinyImageNet_resnet_medium_prop_idx_6004_sidx_866_eps_0.0039.vnnlib,2.066108326,prepare_instance_error_1,-1
tinyimagenet,vnncomp2024_benchmarks/benchmarks/tinyimagenet/TinyImageNet_resnet_medium.onnx,vnncomp2024_benchmarks/benchmarks/tinyimagenet/TinyImageNet_resnet_medium_prop_idx_1155_sidx_7208_eps_0.0039.vnnlib,2.063673410,prepare_instance_error_1,-1
tinyimagenet,vnncomp2024_benchmarks/benchmarks/tinyimagenet/TinyImageNet_resnet_medium.onnx,vnncomp2024_benchmarks/benchmarks/tinyimagenet/TinyImageNet_resnet_medium_prop_idx_8796_sidx_3362_eps_0.0039.vnnlib,2.072944397,prepare_instance_error_1,-1
tinyimagenet,vnncomp2024_benchmarks/benchmarks/tinyimagenet/TinyImageNet_resnet_medium.onnx,vnncomp2024_benchmarks/benchmarks/tinyimagenet/TinyImageNet_resnet_medium_prop_idx_6439_sidx_9877_eps_0.0039.vnnlib,2.058321273,prepare_instance_error_1,-1
tinyimagenet,vnncomp2024_benchmarks/benchmarks/tinyimagenet/TinyImageNet_resnet_medium.onnx,vnncomp2024_benchmarks/benchmarks/tinyimagenet/TinyImageNet_resnet_medium_prop_idx_9061_sidx_6826_eps_0.0039.vnnlib,2.065079432,prepare_instance_error_1,-1
tinyimagenet,vnncomp2024_benchmarks/benchmarks/tinyimagenet/TinyImageNet_resnet_medium.onnx,vnncomp2024_benchmarks/benchmarks/tinyimagenet/TinyImageNet_resnet_medium_prop_idx_4109_sidx_3134_eps_0.0039.vnnlib,2.116000632,prepare_instance_error_1,-1
tinyimagenet,vnncomp2024_benchmarks/benchmarks/tinyimagenet/TinyImageNet_resnet_medium.onnx,vnncomp2024_benchmarks/benchmarks/tinyimagenet/TinyImageNet_resnet_medium_prop_idx_7875_sidx_3320_eps_0.0039.vnnlib,2.078985060,prepare_instance_error_1,-1
tinyimagenet,vnncomp2024_benchmarks/benchmarks/tinyimagenet/TinyImageNet_resnet_medium.onnx,vnncomp2024_benchmarks/benchmarks/tinyimagenet/TinyImageNet_resnet_medium_prop_idx_1691_sidx_7704_eps_0.0039.vnnlib,2.097430024,prepare_instance_error_1,-1
tinyimagenet,vnncomp2024_benchmarks/benchmarks/tinyimagenet/TinyImageNet_resnet_medium.onnx,vnncomp2024_benchmarks/benchmarks/tinyimagenet/TinyImageNet_resnet_medium_prop_idx_9157_sidx_3939_eps_0.0039.vnnlib,2.091198647,prepare_instance_error_1,-1
tinyimagenet,vnncomp2024_benchmarks/benchmarks/tinyimagenet/TinyImageNet_resnet_medium.onnx,vnncomp2024_benchmarks/benchmarks/tinyimagenet/TinyImageNet_resnet_medium_prop_idx_6879_sidx_8748_eps_0.0039.vnnlib,2.103516488,prepare_instance_error_1,-1
tinyimagenet,vnncomp2024_benchmarks/benchmarks/tinyimagenet/TinyImageNet_resnet_medium.onnx,vnncomp2024_benchmarks/benchmarks/tinyimagenet/TinyImageNet_resnet_medium_prop_idx_9286_sidx_2489_eps_0.0039.vnnlib,2.060769781,prepare_instance_error_1,-1
tinyimagenet,vnncomp2024_benchmarks/benchmarks/tinyimagenet/TinyImageNet_resnet_medium.onnx,vnncomp2024_benchmarks/benchmarks/tinyimagenet/TinyImageNet_resnet_medium_prop_idx_151_sidx_677_eps_0.0039.vnnlib,2.117107477,prepare_instance_error_1,-1
tinyimagenet,vnncomp2024_benchmarks/benchmarks/tinyimagenet/TinyImageNet_resnet_medium.onnx,vnncomp2024_benchmarks/benchmarks/tinyimagenet/TinyImageNet_resnet_medium_prop_idx_5129_sidx_3656_eps_0.0039.vnnlib,2.060730161,prepare_instance_error_1,-1
tinyimagenet,vnncomp2024_benchmarks/benchmarks/tinyimagenet/TinyImageNet_resnet_medium.onnx,vnncomp2024_benchmarks/benchmarks/tinyimagenet/TinyImageNet_resnet_medium_prop_idx_9825_sidx_6883_eps_0.0039.vnnlib,2.078649872,prepare_instance_error_1,-1
tinyimagenet,vnncomp2024_benchmarks/benchmarks/tinyimagenet/TinyImageNet_resnet_medium.onnx,vnncomp2024_benchmarks/benchmarks/tinyimagenet/TinyImageNet_resnet_medium_prop_idx_4484_sidx_796_eps_0.0039.vnnlib,2.094392393,prepare_instance_error_1,-1
tinyimagenet,vnncomp2024_benchmarks/benchmarks/tinyimagenet/TinyImageNet_resnet_medium.onnx,vnncomp2024_benchmarks/benchmarks/tinyimagenet/TinyImageNet_resnet_medium_prop_idx_8003_sidx_5044_eps_0.0039.vnnlib,2.092724683,prepare_instance_error_1,-1
tinyimagenet,vnncomp2024_benchmarks/benchmarks/tinyimagenet/TinyImageNet_resnet_medium.onnx,vnncomp2024_benchmarks/benchmarks/tinyimagenet/TinyImageNet_resnet_medium_prop_idx_9305_sidx_9711_eps_0.0039.vnnlib,2.075170540,prepare_instance_error_1,-1
tinyimagenet,vnncomp2024_benchmarks/benchmarks/tinyimagenet/TinyImageNet_resnet_medium.onnx,vnncomp2024_benchmarks/benchmarks/tinyimagenet/TinyImageNet_resnet_medium_prop_idx_1244_sidx_7296_eps_0.0039.vnnlib,2.113455892,prepare_instance_error_1,-1
tinyimagenet,vnncomp2024_benchmarks/benchmarks/tinyimagenet/TinyImageNet_resnet_medium.onnx,vnncomp2024_benchmarks/benchmarks/tinyimagenet/TinyImageNet_resnet_medium_prop_idx_4513_sidx_5588_eps_0.0039.vnnlib,2.124922262,prepare_instance_error_1,-1
tinyimagenet,vnncomp2024_benchmarks/benchmarks/tinyimagenet/TinyImageNet_resnet_medium.onnx,vnncomp2024_benchmarks/benchmarks/tinyimagenet/TinyImageNet_resnet_medium_prop_idx_2755_sidx_193_eps_0.0039.vnnlib,2.065538043,prepare_instance_error_1,-1
tinyimagenet,vnncomp2024_benchmarks/benchmarks/tinyimagenet/TinyImageNet_resnet_medium.onnx,vnncomp2024_benchmarks/benchmarks/tinyimagenet/TinyImageNet_resnet_medium_prop_idx_8559_sidx_8887_eps_0.0039.vnnlib,2.063939125,prepare_instance_error_1,-1
tinyimagenet,vnncomp2024_benchmarks/benchmarks/tinyimagenet/TinyImageNet_resnet_medium.onnx,vnncomp2024_benchmarks/benchmarks/tinyimagenet/TinyImageNet_resnet_medium_prop_idx_7064_sidx_7634_eps_0.0039.vnnlib,2.062683216,prepare_instance_error_1,-1
tinyimagenet,vnncomp2024_benchmarks/benchmarks/tinyimagenet/TinyImageNet_resnet_medium.onnx,vnncomp2024_benchmarks/benchmarks/tinyimagenet/TinyImageNet_resnet_medium_prop_idx_6746_sidx_6555_eps_0.0039.vnnlib,2.108491455,prepare_instance_error_1,-1
tinyimagenet,vnncomp2024_benchmarks/benchmarks/tinyimagenet/TinyImageNet_resnet_medium.onnx,vnncomp2024_benchmarks/benchmarks/tinyimagenet/TinyImageNet_resnet_medium_prop_idx_7762_sidx_3616_eps_0.0039.vnnlib,2.083517267,prepare_instance_error_1,-1
tinyimagenet,vnncomp2024_benchmarks/benchmarks/tinyimagenet/TinyImageNet_resnet_medium.onnx,vnncomp2024_benchmarks/benchmarks/tinyimagenet/TinyImageNet_resnet_medium_prop_idx_4043_sidx_9475_eps_0.0039.vnnlib,2.068966364,prepare_instance_error_1,-1
tinyimagenet,vnncomp2024_benchmarks/benchmarks/tinyimagenet/TinyImageNet_resnet_medium.onnx,vnncomp2024_benchmarks/benchmarks/tinyimagenet/TinyImageNet_resnet_medium_prop_idx_2733_sidx_3833_eps_0.0039.vnnlib,2.085202696,prepare_instance_error_1,-1
tinyimagenet,vnncomp2024_benchmarks/benchmarks/tinyimagenet/TinyImageNet_resnet_medium.onnx,vnncomp2024_benchmarks/benchmarks/tinyimagenet/TinyImageNet_resnet_medium_prop_idx_8530_sidx_4707_eps_0.0039.vnnlib,2.079967404,prepare_instance_error_1,-1
tinyimagenet,vnncomp2024_benchmarks/benchmarks/tinyimagenet/TinyImageNet_resnet_medium.onnx,vnncomp2024_benchmarks/benchmarks/tinyimagenet/TinyImageNet_resnet_medium_prop_idx_9485_sidx_8342_eps_0.0039.vnnlib,2.076654485,prepare_instance_error_1,-1
tinyimagenet,vnncomp2024_benchmarks/benchmarks/tinyimagenet/TinyImageNet_resnet_medium.onnx,vnncomp2024_benchmarks/benchmarks/tinyimagenet/TinyImageNet_resnet_medium_prop_idx_4303_sidx_2935_eps_0.0039.vnnlib,2.101782916,prepare_instance_error_1,-1
tinyimagenet,vnncomp2024_benchmarks/benchmarks/tinyimagenet/TinyImageNet_resnet_medium.onnx,vnncomp2024_benchmarks/benchmarks/tinyimagenet/TinyImageNet_resnet_medium_prop_idx_4004_sidx_9594_eps_0.0039.vnnlib,2.061957239,prepare_instance_error_1,-1
tinyimagenet,vnncomp2024_benchmarks/benchmarks/tinyimagenet/TinyImageNet_resnet_medium.onnx,vnncomp2024_benchmarks/benchmarks/tinyimagenet/TinyImageNet_resnet_medium_prop_idx_7851_sidx_4169_eps_0.0039.vnnlib,2.113801200,prepare_instance_error_1,-1
tinyimagenet,vnncomp2024_benchmarks/benchmarks/tinyimagenet/TinyImageNet_resnet_medium.onnx,vnncomp2024_benchmarks/benchmarks/tinyimagenet/TinyImageNet_resnet_medium_prop_idx_4171_sidx_705_eps_0.0039.vnnlib,2.074759510,prepare_instance_error_1,-1
tinyimagenet,vnncomp2024_benchmarks/benchmarks/tinyimagenet/TinyImageNet_resnet_medium.onnx,vnncomp2024_benchmarks/benchmarks/tinyimagenet/TinyImageNet_resnet_medium_prop_idx_8278_sidx_7455_eps_0.0039.vnnlib,2.102832502,prepare_instance_error_1,-1
tinyimagenet,vnncomp2024_benchmarks/benchmarks/tinyimagenet/TinyImageNet_resnet_medium.onnx,vnncomp2024_benchmarks/benchmarks/tinyimagenet/TinyImageNet_resnet_medium_prop_idx_3852_sidx_2848_eps_0.0039.vnnlib,2.072267402,prepare_instance_error_1,-1
tinyimagenet,vnncomp2024_benchmarks/benchmarks/tinyimagenet/TinyImageNet_resnet_medium.onnx,vnncomp2024_benchmarks/benchmarks/tinyimagenet/TinyImageNet_resnet_medium_prop_idx_291_sidx_2370_eps_0.0039.vnnlib,2.082441030,prepare_instance_error_1,-1
tinyimagenet,vnncomp2024_benchmarks/benchmarks/tinyimagenet/TinyImageNet_resnet_medium.onnx,vnncomp2024_benchmarks/benchmarks/tinyimagenet/TinyImageNet_resnet_medium_prop_idx_4142_sidx_3660_eps_0.0039.vnnlib,2.087478460,prepare_instance_error_1,-1
tinyimagenet,vnncomp2024_benchmarks/benchmarks/tinyimagenet/TinyImageNet_resnet_medium.onnx,vnncomp2024_benchmarks/benchmarks/tinyimagenet/TinyImageNet_resnet_medium_prop_idx_1983_sidx_1459_eps_0.0039.vnnlib,2.080441914,prepare_instance_error_1,-1
tinyimagenet,vnncomp2024_benchmarks/benchmarks/tinyimagenet/TinyImageNet_resnet_medium.onnx,vnncomp2024_benchmarks/benchmarks/tinyimagenet/TinyImageNet_resnet_medium_prop_idx_1578_sidx_7829_eps_0.0039.vnnlib,2.083885845,prepare_instance_error_1,-1
tinyimagenet,vnncomp2024_benchmarks/benchmarks/tinyimagenet/TinyImageNet_resnet_medium.onnx,vnncomp2024_benchmarks/benchmarks/tinyimagenet/TinyImageNet_resnet_medium_prop_idx_3236_sidx_6585_eps_0.0039.vnnlib,2.077778402,prepare_instance_error_1,-1
tinyimagenet,vnncomp2024_benchmarks/benchmarks/tinyimagenet/TinyImageNet_resnet_medium.onnx,vnncomp2024_benchmarks/benchmarks/tinyimagenet/TinyImageNet_resnet_medium_prop_idx_9535_sidx_6151_eps_0.0039.vnnlib,2.069326353,prepare_instance_error_1,-1
tinyimagenet,vnncomp2024_benchmarks/benchmarks/tinyimagenet/TinyImageNet_resnet_medium.onnx,vnncomp2024_benchmarks/benchmarks/tinyimagenet/TinyImageNet_resnet_medium_prop_idx_9634_sidx_2838_eps_0.0039.vnnlib,2.080722981,prepare_instance_error_1,-1
tinyimagenet,vnncomp2024_benchmarks/benchmarks/tinyimagenet/TinyImageNet_resnet_medium.onnx,vnncomp2024_benchmarks/benchmarks/tinyimagenet/TinyImageNet_resnet_medium_prop_idx_1519_sidx_867_eps_0.0039.vnnlib,2.100834984,prepare_instance_error_1,-1
tinyimagenet,vnncomp2024_benchmarks/benchmarks/tinyimagenet/TinyImageNet_resnet_medium.onnx,vnncomp2024_benchmarks/benchmarks/tinyimagenet/TinyImageNet_resnet_medium_prop_idx_7289_sidx_1507_eps_0.0039.vnnlib,2.083498816,prepare_instance_error_1,-1
tinyimagenet,vnncomp2024_benchmarks/benchmarks/tinyimagenet/TinyImageNet_resnet_medium.onnx,vnncomp2024_benchmarks/benchmarks/tinyimagenet/TinyImageNet_resnet_medium_prop_idx_9013_sidx_9657_eps_0.0039.vnnlib,2.099206836,prepare_instance_error_1,-1
tinyimagenet,vnncomp2024_benchmarks/benchmarks/tinyimagenet/TinyImageNet_resnet_medium.onnx,vnncomp2024_benchmarks/benchmarks/tinyimagenet/TinyImageNet_resnet_medium_prop_idx_8866_sidx_3431_eps_0.0039.vnnlib,2.062165044,prepare_instance_error_1,-1
tinyimagenet,vnncomp2024_benchmarks/benchmarks/tinyimagenet/TinyImageNet_resnet_medium.onnx,vnncomp2024_benchmarks/benchmarks/tinyimagenet/TinyImageNet_resnet_medium_prop_idx_3754_sidx_2390_eps_0.0039.vnnlib,2.083543588,prepare_instance_error_1,-1
tinyimagenet,vnncomp2024_benchmarks/benchmarks/tinyimagenet/TinyImageNet_resnet_medium.onnx,vnncomp2024_benchmarks/benchmarks/tinyimagenet/TinyImageNet_resnet_medium_prop_idx_206_sidx_7043_eps_0.0039.vnnlib,2.093126784,prepare_instance_error_1,-1
tinyimagenet,vnncomp2024_benchmarks/benchmarks/tinyimagenet/TinyImageNet_resnet_medium.onnx,vnncomp2024_benchmarks/benchmarks/tinyimagenet/TinyImageNet_resnet_medium_prop_idx_4919_sidx_8612_eps_0.0039.vnnlib,2.100250970,prepare_instance_error_1,-1
tinyimagenet,vnncomp2024_benchmarks/benchmarks/tinyimagenet/TinyImageNet_resnet_medium.onnx,vnncomp2024_benchmarks/benchmarks/tinyimagenet/TinyImageNet_resnet_medium_prop_idx_6566_sidx_6025_eps_0.0039.vnnlib,2.100313362,prepare_instance_error_1,-1
tinyimagenet,vnncomp2024_benchmarks/benchmarks/tinyimagenet/TinyImageNet_resnet_medium.onnx,vnncomp2024_benchmarks/benchmarks/tinyimagenet/TinyImageNet_resnet_medium_prop_idx_4434_sidx_5178_eps_0.0039.vnnlib,2.104811217,prepare_instance_error_1,-1
tinyimagenet,vnncomp2024_benchmarks/benchmarks/tinyimagenet/TinyImageNet_resnet_medium.onnx,vnncomp2024_benchmarks/benchmarks/tinyimagenet/TinyImageNet_resnet_medium_prop_idx_2124_sidx_4098_eps_0.0039.vnnlib,2.066405354,prepare_instance_error_1,-1
tinyimagenet,vnncomp2024_benchmarks/benchmarks/tinyimagenet/TinyImageNet_resnet_medium.onnx,vnncomp2024_benchmarks/benchmarks/tinyimagenet/TinyImageNet_resnet_medium_prop_idx_891_sidx_3478_eps_0.0039.vnnlib,2.124202375,prepare_instance_error_1,-1
tinyimagenet,vnncomp2024_benchmarks/benchmarks/tinyimagenet/TinyImageNet_resnet_medium.onnx,vnncomp2024_benchmarks/benchmarks/tinyimagenet/TinyImageNet_resnet_medium_prop_idx_1923_sidx_9398_eps_0.0039.vnnlib,2.101468379,prepare_instance_error_1,-1
tinyimagenet,vnncomp2024_benchmarks/benchmarks/tinyimagenet/TinyImageNet_resnet_medium.onnx,vnncomp2024_benchmarks/benchmarks/tinyimagenet/TinyImageNet_resnet_medium_prop_idx_2476_sidx_1784_eps_0.0039.vnnlib,2.080409434,prepare_instance_error_1,-1
tinyimagenet,vnncomp2024_benchmarks/benchmarks/tinyimagenet/TinyImageNet_resnet_medium.onnx,vnncomp2024_benchmarks/benchmarks/tinyimagenet/TinyImageNet_resnet_medium_prop_idx_449_sidx_7949_eps_0.0039.vnnlib,2.092221062,prepare_instance_error_1,-1
tinyimagenet,vnncomp2024_benchmarks/benchmarks/tinyimagenet/TinyImageNet_resnet_medium.onnx,vnncomp2024_benchmarks/benchmarks/tinyimagenet/TinyImageNet_resnet_medium_prop_idx_126_sidx_1545_eps_0.0039.vnnlib,2.113991074,prepare_instance_error_1,-1
tinyimagenet,vnncomp2024_benchmarks/benchmarks/tinyimagenet/TinyImageNet_resnet_medium.onnx,vnncomp2024_benchmarks/benchmarks/tinyimagenet/TinyImageNet_resnet_medium_prop_idx_6161_sidx_1818_eps_0.0039.vnnlib,2.070043150,prepare_instance_error_1,-1
tinyimagenet,vnncomp2024_benchmarks/benchmarks/tinyimagenet/TinyImageNet_resnet_medium.onnx,vnncomp2024_benchmarks/benchmarks/tinyimagenet/TinyImageNet_resnet_medium_prop_idx_2042_sidx_5377_eps_0.0039.vnnlib,2.066821404,prepare_instance_error_1,-1
tinyimagenet,vnncomp2024_benchmarks/benchmarks/tinyimagenet/TinyImageNet_resnet_medium.onnx,vnncomp2024_benchmarks/benchmarks/tinyimagenet/TinyImageNet_resnet_medium_prop_idx_9746_sidx_4472_eps_0.0039.vnnlib,2.071173096,prepare_instance_error_1,-1
tinyimagenet,vnncomp2024_benchmarks/benchmarks/tinyimagenet/TinyImageNet_resnet_medium.onnx,vnncomp2024_benchmarks/benchmarks/tinyimagenet/TinyImageNet_resnet_medium_prop_idx_6958_sidx_1414_eps_0.0039.vnnlib,2.064143390,prepare_instance_error_1,-1
tinyimagenet,vnncomp2024_benchmarks/benchmarks/tinyimagenet/TinyImageNet_resnet_medium.onnx,vnncomp2024_benchmarks/benchmarks/tinyimagenet/TinyImageNet_resnet_medium_prop_idx_8976_sidx_9052_eps_0.0039.vnnlib,2.079800029,prepare_instance_error_1,-1
tinyimagenet,vnncomp2024_benchmarks/benchmarks/tinyimagenet/TinyImageNet_resnet_medium.onnx,vnncomp2024_benchmarks/benchmarks/tinyimagenet/TinyImageNet_resnet_medium_prop_idx_6843_sidx_3926_eps_0.0039.vnnlib,2.114106137,prepare_instance_error_1,-1
tinyimagenet,vnncomp2024_benchmarks/benchmarks/tinyimagenet/TinyImageNet_resnet_medium.onnx,vnncomp2024_benchmarks/benchmarks/tinyimagenet/TinyImageNet_resnet_medium_prop_idx_1925_sidx_4615_eps_0.0039.vnnlib,2.062830000,prepare_instance_error_1,-1
tinyimagenet,vnncomp2024_benchmarks/benchmarks/tinyimagenet/TinyImageNet_resnet_medium.onnx,vnncomp2024_benchmarks/benchmarks/tinyimagenet/TinyImageNet_resnet_medium_prop_idx_1598_sidx_4780_eps_0.0039.vnnlib,2.069795253,prepare_instance_error_1,-1
tinyimagenet,vnncomp2024_benchmarks/benchmarks/tinyimagenet/TinyImageNet_resnet_medium.onnx,vnncomp2024_benchmarks/benchmarks/tinyimagenet/TinyImageNet_resnet_medium_prop_idx_1058_sidx_5209_eps_0.0039.vnnlib,2.097062826,prepare_instance_error_1,-1
tinyimagenet,vnncomp2024_benchmarks/benchmarks/tinyimagenet/TinyImageNet_resnet_medium.onnx,vnncomp2024_benchmarks/benchmarks/tinyimagenet/TinyImageNet_resnet_medium_prop_idx_6230_sidx_8544_eps_0.0039.vnnlib,2.111153588,prepare_instance_error_1,-1
tinyimagenet,vnncomp2024_benchmarks/benchmarks/tinyimagenet/TinyImageNet_resnet_medium.onnx,vnncomp2024_benchmarks/benchmarks/tinyimagenet/TinyImageNet_resnet_medium_prop_idx_4278_sidx_4302_eps_0.0039.vnnlib,2.094967856,prepare_instance_error_1,-1
tinyimagenet,vnncomp2024_benchmarks/benchmarks/tinyimagenet/TinyImageNet_resnet_medium.onnx,vnncomp2024_benchmarks/benchmarks/tinyimagenet/TinyImageNet_resnet_medium_prop_idx_1145_sidx_3117_eps_0.0039.vnnlib,2.091021963,prepare_instance_error_1,-1
tinyimagenet,vnncomp2024_benchmarks/benchmarks/tinyimagenet/TinyImageNet_resnet_medium.onnx,vnncomp2024_benchmarks/benchmarks/tinyimagenet/TinyImageNet_resnet_medium_prop_idx_5308_sidx_1650_eps_0.0039.vnnlib,2.099369960,prepare_instance_error_1,-1
tinyimagenet,vnncomp2024_benchmarks/benchmarks/tinyimagenet/TinyImageNet_resnet_medium.onnx,vnncomp2024_benchmarks/benchmarks/tinyimagenet/TinyImageNet_resnet_medium_prop_idx_8363_sidx_892_eps_0.0039.vnnlib,2.063838214,prepare_instance_error_1,-1
tinyimagenet,vnncomp2024_benchmarks/benchmarks/tinyimagenet/TinyImageNet_resnet_medium.onnx,vnncomp2024_benchmarks/benchmarks/tinyimagenet/TinyImageNet_resnet_medium_prop_idx_8173_sidx_1641_eps_0.0039.vnnlib,2.097048425,prepare_instance_error_1,-1
tinyimagenet,vnncomp2024_benchmarks/benchmarks/tinyimagenet/TinyImageNet_resnet_medium.onnx,vnncomp2024_benchmarks/benchmarks/tinyimagenet/TinyImageNet_resnet_medium_prop_idx_1527_sidx_2130_eps_0.0039.vnnlib,2.082521054,prepare_instance_error_1,-1
tinyimagenet,vnncomp2024_benchmarks/benchmarks/tinyimagenet/TinyImageNet_resnet_medium.onnx,vnncomp2024_benchmarks/benchmarks/tinyimagenet/TinyImageNet_resnet_medium_prop_idx_4807_sidx_5243_eps_0.0039.vnnlib,2.073169513,prepare_instance_error_1,-1
tinyimagenet,vnncomp2024_benchmarks/benchmarks/tinyimagenet/TinyImageNet_resnet_medium.onnx,vnncomp2024_benchmarks/benchmarks/tinyimagenet/TinyImageNet_resnet_medium_prop_idx_9025_sidx_9203_eps_0.0039.vnnlib,2.062907502,prepare_instance_error_1,-1
tinyimagenet,vnncomp2024_benchmarks/benchmarks/tinyimagenet/TinyImageNet_resnet_medium.onnx,vnncomp2024_benchmarks/benchmarks/tinyimagenet/TinyImageNet_resnet_medium_prop_idx_962_sidx_2870_eps_0.0039.vnnlib,2.141663056,prepare_instance_error_1,-1
tinyimagenet,vnncomp2024_benchmarks/benchmarks/tinyimagenet/TinyImageNet_resnet_medium.onnx,vnncomp2024_benchmarks/benchmarks/tinyimagenet/TinyImageNet_resnet_medium_prop_idx_3938_sidx_8975_eps_0.0039.vnnlib,2.088157956,prepare_instance_error_1,-1
tinyimagenet,vnncomp2024_benchmarks/benchmarks/tinyimagenet/TinyImageNet_resnet_medium.onnx,vnncomp2024_benchmarks/benchmarks/tinyimagenet/TinyImageNet_resnet_medium_prop_idx_1285_sidx_7564_eps_0.0039.vnnlib,2.066308282,prepare_instance_error_1,-1
tinyimagenet,vnncomp2024_benchmarks/benchmarks/tinyimagenet/TinyImageNet_resnet_medium.onnx,vnncomp2024_benchmarks/benchmarks/tinyimagenet/TinyImageNet_resnet_medium_prop_idx_1333_sidx_7700_eps_0.0039.vnnlib,2.074703790,prepare_instance_error_1,-1
tinyimagenet,vnncomp2024_benchmarks/benchmarks/tinyimagenet/TinyImageNet_resnet_medium.onnx,vnncomp2024_benchmarks/benchmarks/tinyimagenet/TinyImageNet_resnet_medium_prop_idx_6356_sidx_8443_eps_0.0039.vnnlib,2.073037679,prepare_instance_error_1,-1
tinyimagenet,vnncomp2024_benchmarks/benchmarks/tinyimagenet/TinyImageNet_resnet_medium.onnx,vnncomp2024_benchmarks/benchmarks/tinyimagenet/TinyImageNet_resnet_medium_prop_idx_7781_sidx_1531_eps_0.0039.vnnlib,2.076683546,prepare_instance_error_1,-1
tinyimagenet,vnncomp2024_benchmarks/benchmarks/tinyimagenet/TinyImageNet_resnet_medium.onnx,vnncomp2024_benchmarks/benchmarks/tinyimagenet/TinyImageNet_resnet_medium_prop_idx_4588_sidx_1076_eps_0.0039.vnnlib,2.069159038,prepare_instance_error_1,-1
tinyimagenet,vnncomp2024_benchmarks/benchmarks/tinyimagenet/TinyImageNet_resnet_medium.onnx,vnncomp2024_benchmarks/benchmarks/tinyimagenet/TinyImageNet_resnet_medium_prop_idx_4464_sidx_4786_eps_0.0039.vnnlib,2.081918070,prepare_instance_error_1,-1
tinyimagenet,vnncomp2024_benchmarks/benchmarks/tinyimagenet/TinyImageNet_resnet_medium.onnx,vnncomp2024_benchmarks/benchmarks/tinyimagenet/TinyImageNet_resnet_medium_prop_idx_2823_sidx_3967_eps_0.0039.vnnlib,2.066304391,prepare_instance_error_1,-1
tinyimagenet,vnncomp2024_benchmarks/benchmarks/tinyimagenet/TinyImageNet_resnet_medium.onnx,vnncomp2024_benchmarks/benchmarks/tinyimagenet/TinyImageNet_resnet_medium_prop_idx_1708_sidx_7957_eps_0.0039.vnnlib,2.088290159,prepare_instance_error_1,-1
tinyimagenet,vnncomp2024_benchmarks/benchmarks/tinyimagenet/TinyImageNet_resnet_medium.onnx,vnncomp2024_benchmarks/benchmarks/tinyimagenet/TinyImageNet_resnet_medium_prop_idx_4900_sidx_382_eps_0.0039.vnnlib,2.069928167,prepare_instance_error_1,-1
tinyimagenet,vnncomp2024_benchmarks/benchmarks/tinyimagenet/TinyImageNet_resnet_medium.onnx,vnncomp2024_benchmarks/benchmarks/tinyimagenet/TinyImageNet_resnet_medium_prop_idx_5330_sidx_7042_eps_0.0039.vnnlib,2.074417542,prepare_instance_error_1,-1
tinyimagenet,vnncomp2024_benchmarks/benchmarks/tinyimagenet/TinyImageNet_resnet_medium.onnx,vnncomp2024_benchmarks/benchmarks/tinyimagenet/TinyImageNet_resnet_medium_prop_idx_2670_sidx_3959_eps_0.0039.vnnlib,2.079962073,prepare_instance_error_1,-1
tinyimagenet,vnncomp2024_benchmarks/benchmarks/tinyimagenet/TinyImageNet_resnet_medium.onnx,vnncomp2024_benchmarks/benchmarks/tinyimagenet/TinyImageNet_resnet_medium_prop_idx_9466_sidx_5613_eps_0.0039.vnnlib,2.125369002,prepare_instance_error_1,-1
tinyimagenet,vnncomp2024_benchmarks/benchmarks/tinyimagenet/TinyImageNet_resnet_medium.onnx,vnncomp2024_benchmarks/benchmarks/tinyimagenet/TinyImageNet_resnet_medium_prop_idx_5718_sidx_3852_eps_0.0039.vnnlib,2.121295446,prepare_instance_error_1,-1
tinyimagenet,vnncomp2024_benchmarks/benchmarks/tinyimagenet/TinyImageNet_resnet_medium.onnx,vnncomp2024_benchmarks/benchmarks/tinyimagenet/TinyImageNet_resnet_medium_prop_idx_3764_sidx_541_eps_0.0039.vnnlib,2.070435328,prepare_instance_error_1,-1
tinyimagenet,vnncomp2024_benchmarks/benchmarks/tinyimagenet/TinyImageNet_resnet_medium.onnx,vnncomp2024_benchmarks/benchmarks/tinyimagenet/TinyImageNet_resnet_medium_prop_idx_9880_sidx_5586_eps_0.0039.vnnlib,2.083080207,prepare_instance_error_1,-1
tinyimagenet,vnncomp2024_benchmarks/benchmarks/tinyimagenet/TinyImageNet_resnet_medium.onnx,vnncomp2024_benchmarks/benchmarks/tinyimagenet/TinyImageNet_resnet_medium_prop_idx_5701_sidx_7560_eps_0.0039.vnnlib,2.076632985,prepare_instance_error_1,-1
tinyimagenet,vnncomp2024_benchmarks/benchmarks/tinyimagenet/TinyImageNet_resnet_medium.onnx,vnncomp2024_benchmarks/benchmarks/tinyimagenet/TinyImageNet_resnet_medium_prop_idx_6773_sidx_7001_eps_0.0039.vnnlib,2.091153077,prepare_instance_error_1,-1
tinyimagenet,vnncomp2024_benchmarks/benchmarks/tinyimagenet/TinyImageNet_resnet_medium.onnx,vnncomp2024_benchmarks/benchmarks/tinyimagenet/TinyImageNet_resnet_medium_prop_idx_9729_sidx_1662_eps_0.0039.vnnlib,2.065971744,prepare_instance_error_1,-1
tinyimagenet,vnncomp2024_benchmarks/benchmarks/tinyimagenet/TinyImageNet_resnet_medium.onnx,vnncomp2024_benchmarks/benchmarks/tinyimagenet/TinyImageNet_resnet_medium_prop_idx_4439_sidx_8451_eps_0.0039.vnnlib,2.062449510,prepare_instance_error_1,-1
tinyimagenet,vnncomp2024_benchmarks/benchmarks/tinyimagenet/TinyImageNet_resnet_medium.onnx,vnncomp2024_benchmarks/benchmarks/tinyimagenet/TinyImageNet_resnet_medium_prop_idx_4461_sidx_4077_eps_0.0039.vnnlib,2.074361591,prepare_instance_error_1,-1
tinyimagenet,vnncomp2024_benchmarks/benchmarks/tinyimagenet/TinyImageNet_resnet_medium.onnx,vnncomp2024_benchmarks/benchmarks/tinyimagenet/TinyImageNet_resnet_medium_prop_idx_4409_sidx_8244_eps_0.0039.vnnlib,2.060731200,prepare_instance_error_1,-1
tinyimagenet,vnncomp2024_benchmarks/benchmarks/tinyimagenet/TinyImageNet_resnet_medium.onnx,vnncomp2024_benchmarks/benchmarks/tinyimagenet/TinyImageNet_resnet_medium_prop_idx_2002_sidx_7461_eps_0.0039.vnnlib,2.082310789,prepare_instance_error_1,-1
tinyimagenet,vnncomp2024_benchmarks/benchmarks/tinyimagenet/TinyImageNet_resnet_medium.onnx,vnncomp2024_benchmarks/benchmarks/tinyimagenet/TinyImageNet_resnet_medium_prop_idx_4535_sidx_3722_eps_0.0039.vnnlib,2.097308081,prepare_instance_error_1,-1
tinyimagenet,vnncomp2024_benchmarks/benchmarks/tinyimagenet/TinyImageNet_resnet_medium.onnx,vnncomp2024_benchmarks/benchmarks/tinyimagenet/TinyImageNet_resnet_medium_prop_idx_2594_sidx_7029_eps_0.0039.vnnlib,2.127423471,prepare_instance_error_1,-1
tinyimagenet,vnncomp2024_benchmarks/benchmarks/tinyimagenet/TinyImageNet_resnet_medium.onnx,vnncomp2024_benchmarks/benchmarks/tinyimagenet/TinyImageNet_resnet_medium_prop_idx_951_sidx_810_eps_0.0039.vnnlib,2.078475347,prepare_instance_error_1,-1
tinyimagenet,vnncomp2024_benchmarks/benchmarks/tinyimagenet/TinyImageNet_resnet_medium.onnx,vnncomp2024_benchmarks/benchmarks/tinyimagenet/TinyImageNet_resnet_medium_prop_idx_2146_sidx_298_eps_0.0039.vnnlib,2.123211392,prepare_instance_error_1,-1
tinyimagenet,vnncomp2024_benchmarks/benchmarks/tinyimagenet/TinyImageNet_resnet_medium.onnx,vnncomp2024_benchmarks/benchmarks/tinyimagenet/TinyImageNet_resnet_medium_prop_idx_4351_sidx_1340_eps_0.0039.vnnlib,2.073072011,prepare_instance_error_1,-1
tinyimagenet,vnncomp2024_benchmarks/benchmarks/tinyimagenet/TinyImageNet_resnet_medium.onnx,vnncomp2024_benchmarks/benchmarks/tinyimagenet/TinyImageNet_resnet_medium_prop_idx_9464_sidx_4415_eps_0.0039.vnnlib,2.076678335,prepare_instance_error_1,-1
tinyimagenet,vnncomp2024_benchmarks/benchmarks/tinyimagenet/TinyImageNet_resnet_medium.onnx,vnncomp2024_benchmarks/benchmarks/tinyimagenet/TinyImageNet_resnet_medium_prop_idx_1831_sidx_5421_eps_0.0039.vnnlib,2.064335885,prepare_instance_error_1,-1
tinyimagenet,vnncomp2024_benchmarks/benchmarks/tinyimagenet/TinyImageNet_resnet_medium.onnx,vnncomp2024_benchmarks/benchmarks/tinyimagenet/TinyImageNet_resnet_medium_prop_idx_5673_sidx_6615_eps_0.0039.vnnlib,2.092328564,prepare_instance_error_1,-1
tinyimagenet,vnncomp2024_benchmarks/benchmarks/tinyimagenet/TinyImageNet_resnet_medium.onnx,vnncomp2024_benchmarks/benchmarks/tinyimagenet/TinyImageNet_resnet_medium_prop_idx_9594_sidx_1336_eps_0.0039.vnnlib,2.072279113,prepare_instance_error_1,-1
tinyimagenet,vnncomp2024_benchmarks/benchmarks/tinyimagenet/TinyImageNet_resnet_medium.onnx,vnncomp2024_benchmarks/benchmarks/tinyimagenet/TinyImageNet_resnet_medium_prop_idx_6906_sidx_5500_eps_0.0039.vnnlib,2.065767189,prepare_instance_error_1,-1
tinyimagenet,vnncomp2024_benchmarks/benchmarks/tinyimagenet/TinyImageNet_resnet_medium.onnx,vnncomp2024_benchmarks/benchmarks/tinyimagenet/TinyImageNet_resnet_medium_prop_idx_2346_sidx_7694_eps_0.0039.vnnlib,2.087781167,prepare_instance_error_1,-1
tinyimagenet,vnncomp2024_benchmarks/benchmarks/tinyimagenet/TinyImageNet_resnet_medium.onnx,vnncomp2024_benchmarks/benchmarks/tinyimagenet/TinyImageNet_resnet_medium_prop_idx_6348_sidx_5048_eps_0.0039.vnnlib,2.067585242,prepare_instance_error_1,-1
tinyimagenet,vnncomp2024_benchmarks/benchmarks/tinyimagenet/TinyImageNet_resnet_medium.onnx,vnncomp2024_benchmarks/benchmarks/tinyimagenet/TinyImageNet_resnet_medium_prop_idx_9945_sidx_2117_eps_0.0039.vnnlib,2.087422739,prepare_instance_error_1,-1
tinyimagenet,vnncomp2024_benchmarks/benchmarks/tinyimagenet/TinyImageNet_resnet_medium.onnx,vnncomp2024_benchmarks/benchmarks/tinyimagenet/TinyImageNet_resnet_medium_prop_idx_9878_sidx_3151_eps_0.0039.vnnlib,2.124688776,prepare_instance_error_1,-1
tinyimagenet,vnncomp2024_benchmarks/benchmarks/tinyimagenet/TinyImageNet_resnet_medium.onnx,vnncomp2024_benchmarks/benchmarks/tinyimagenet/TinyImageNet_resnet_medium_prop_idx_4572_sidx_2108_eps_0.0039.vnnlib,2.095057629,prepare_instance_error_1,-1
tinyimagenet,vnncomp2024_benchmarks/benchmarks/tinyimagenet/TinyImageNet_resnet_medium.onnx,vnncomp2024_benchmarks/benchmarks/tinyimagenet/TinyImageNet_resnet_medium_prop_idx_9998_sidx_4182_eps_0.0039.vnnlib,2.075388815,prepare_instance_error_1,-1
tinyimagenet,vnncomp2024_benchmarks/benchmarks/tinyimagenet/TinyImageNet_resnet_medium.onnx,vnncomp2024_benchmarks/benchmarks/tinyimagenet/TinyImageNet_resnet_medium_prop_idx_7542_sidx_9873_eps_0.0039.vnnlib,2.082319158,prepare_instance_error_1,-1
tinyimagenet,vnncomp2024_benchmarks/benchmarks/tinyimagenet/TinyImageNet_resnet_medium.onnx,vnncomp2024_benchmarks/benchmarks/tinyimagenet/TinyImageNet_resnet_medium_prop_idx_9376_sidx_6124_eps_0.0039.vnnlib,2.088324140,prepare_instance_error_1,-1
tinyimagenet,vnncomp2024_benchmarks/benchmarks/tinyimagenet/TinyImageNet_resnet_medium.onnx,vnncomp2024_benchmarks/benchmarks/tinyimagenet/TinyImageNet_resnet_medium_prop_idx_6597_sidx_4088_eps_0.0039.vnnlib,2.071895833,prepare_instance_error_1,-1
tinyimagenet,vnncomp2024_benchmarks/benchmarks/tinyimagenet/TinyImageNet_resnet_medium.onnx,vnncomp2024_benchmarks/benchmarks/tinyimagenet/TinyImageNet_resnet_medium_prop_idx_4010_sidx_793_eps_0.0039.vnnlib,2.068422422,prepare_instance_error_1,-1
tinyimagenet,vnncomp2024_benchmarks/benchmarks/tinyimagenet/TinyImageNet_resnet_medium.onnx,vnncomp2024_benchmarks/benchmarks/tinyimagenet/TinyImageNet_resnet_medium_prop_idx_8213_sidx_7868_eps_0.0039.vnnlib,2.070129881,prepare_instance_error_1,-1
tinyimagenet,vnncomp2024_benchmarks/benchmarks/tinyimagenet/TinyImageNet_resnet_medium.onnx,vnncomp2024_benchmarks/benchmarks/tinyimagenet/TinyImageNet_resnet_medium_prop_idx_3076_sidx_7376_eps_0.0039.vnnlib,2.082707187,prepare_instance_error_1,-1
tinyimagenet,vnncomp2024_benchmarks/benchmarks/tinyimagenet/TinyImageNet_resnet_medium.onnx,vnncomp2024_benchmarks/benchmarks/tinyimagenet/TinyImageNet_resnet_medium_prop_idx_1134_sidx_5880_eps_0.0039.vnnlib,2.079240337,prepare_instance_error_1,-1
tinyimagenet,vnncomp2024_benchmarks/benchmarks/tinyimagenet/TinyImageNet_resnet_medium.onnx,vnncomp2024_benchmarks/benchmarks/tinyimagenet/TinyImageNet_resnet_medium_prop_idx_7308_sidx_4737_eps_0.0039.vnnlib,2.060857672,prepare_instance_error_1,-1
tinyimagenet,vnncomp2024_benchmarks/benchmarks/tinyimagenet/TinyImageNet_resnet_medium.onnx,vnncomp2024_benchmarks/benchmarks/tinyimagenet/TinyImageNet_resnet_medium_prop_idx_1353_sidx_3549_eps_0.0039.vnnlib,2.066496095,prepare_instance_error_1,-1
tinyimagenet,vnncomp2024_benchmarks/benchmarks/tinyimagenet/TinyImageNet_resnet_medium.onnx,vnncomp2024_benchmarks/benchmarks/tinyimagenet/TinyImageNet_resnet_medium_prop_idx_6014_sidx_2164_eps_0.0039.vnnlib,2.131161508,prepare_instance_error_1,-1
tinyimagenet,vnncomp2024_benchmarks/benchmarks/tinyimagenet/TinyImageNet_resnet_medium.onnx,vnncomp2024_benchmarks/benchmarks/tinyimagenet/TinyImageNet_resnet_medium_prop_idx_3178_sidx_7992_eps_0.0039.vnnlib,2.076300787,prepare_instance_error_1,-1
tinyimagenet,vnncomp2024_benchmarks/benchmarks/tinyimagenet/TinyImageNet_resnet_medium.onnx,vnncomp2024_benchmarks/benchmarks/tinyimagenet/TinyImageNet_resnet_medium_prop_idx_4880_sidx_5810_eps_0.0039.vnnlib,2.134918997,prepare_instance_error_1,-1
tinyimagenet,vnncomp2024_benchmarks/benchmarks/tinyimagenet/TinyImageNet_resnet_medium.onnx,vnncomp2024_benchmarks/benchmarks/tinyimagenet/TinyImageNet_resnet_medium_prop_idx_8232_sidx_7959_eps_0.0039.vnnlib,2.111255570,prepare_instance_error_1,-1
tinyimagenet,vnncomp2024_benchmarks/benchmarks/tinyimagenet/TinyImageNet_resnet_medium.onnx,vnncomp2024_benchmarks/benchmarks/tinyimagenet/TinyImageNet_resnet_medium_prop_idx_2063_sidx_8156_eps_0.0039.vnnlib,2.073550212,prepare_instance_error_1,-1
tinyimagenet,vnncomp2024_benchmarks/benchmarks/tinyimagenet/TinyImageNet_resnet_medium.onnx,vnncomp2024_benchmarks/benchmarks/tinyimagenet/TinyImageNet_resnet_medium_prop_idx_4244_sidx_8624_eps_0.0039.vnnlib,2.114735932,prepare_instance_error_1,-1
tinyimagenet,vnncomp2024_benchmarks/benchmarks/tinyimagenet/TinyImageNet_resnet_medium.onnx,vnncomp2024_benchmarks/benchmarks/tinyimagenet/TinyImageNet_resnet_medium_prop_idx_7134_sidx_9297_eps_0.0039.vnnlib,2.063201547,prepare_instance_error_1,-1
tinyimagenet,vnncomp2024_benchmarks/benchmarks/tinyimagenet/TinyImageNet_resnet_medium.onnx,vnncomp2024_benchmarks/benchmarks/tinyimagenet/TinyImageNet_resnet_medium_prop_idx_3574_sidx_9710_eps_0.0039.vnnlib,2.117052296,prepare_instance_error_1,-1
tinyimagenet,vnncomp2024_benchmarks/benchmarks/tinyimagenet/TinyImageNet_resnet_medium.onnx,vnncomp2024_benchmarks/benchmarks/tinyimagenet/TinyImageNet_resnet_medium_prop_idx_1084_sidx_2960_eps_0.0039.vnnlib,2.062960323,prepare_instance_error_1,-1
tinyimagenet,vnncomp2024_benchmarks/benchmarks/tinyimagenet/TinyImageNet_resnet_medium.onnx,vnncomp2024_benchmarks/benchmarks/tinyimagenet/TinyImageNet_resnet_medium_prop_idx_9419_sidx_9984_eps_0.0039.vnnlib,2.062535553,prepare_instance_error_1,-1
tinyimagenet,vnncomp2024_benchmarks/benchmarks/tinyimagenet/TinyImageNet_resnet_medium.onnx,vnncomp2024_benchmarks/benchmarks/tinyimagenet/TinyImageNet_resnet_medium_prop_idx_5265_sidx_2129_eps_0.0039.vnnlib,2.062500362,prepare_instance_error_1,-1
tinyimagenet,vnncomp2024_benchmarks/benchmarks/tinyimagenet/TinyImageNet_resnet_medium.onnx,vnncomp2024_benchmarks/benchmarks/tinyimagenet/TinyImageNet_resnet_medium_prop_idx_8025_sidx_2680_eps_0.0039.vnnlib,2.136230828,prepare_instance_error_1,-1
tinyimagenet,vnncomp2024_benchmarks/benchmarks/tinyimagenet/TinyImageNet_resnet_medium.onnx,vnncomp2024_benchmarks/benchmarks/tinyimagenet/TinyImageNet_resnet_medium_prop_idx_1039_sidx_3965_eps_0.0039.vnnlib,2.068472453,prepare_instance_error_1,-1
tinyimagenet,vnncomp2024_benchmarks/benchmarks/tinyimagenet/TinyImageNet_resnet_medium.onnx,vnncomp2024_benchmarks/benchmarks/tinyimagenet/TinyImageNet_resnet_medium_prop_idx_9364_sidx_2000_eps_0.0039.vnnlib,2.064255613,prepare_instance_error_1,-1
tinyimagenet,vnncomp2024_benchmarks/benchmarks/tinyimagenet/TinyImageNet_resnet_medium.onnx,vnncomp2024_benchmarks/benchmarks/tinyimagenet/TinyImageNet_resnet_medium_prop_idx_5697_sidx_3303_eps_0.0039.vnnlib,2.065972704,prepare_instance_error_1,-1
tinyimagenet,vnncomp2024_benchmarks/benchmarks/tinyimagenet/TinyImageNet_resnet_medium.onnx,vnncomp2024_benchmarks/benchmarks/tinyimagenet/TinyImageNet_resnet_medium_prop_idx_2587_sidx_1617_eps_0.0039.vnnlib,2.105203178,prepare_instance_error_1,-1
tinyimagenet,vnncomp2024_benchmarks/benchmarks/tinyimagenet/TinyImageNet_resnet_medium.onnx,vnncomp2024_benchmarks/benchmarks/tinyimagenet/TinyImageNet_resnet_medium_prop_idx_5982_sidx_4177_eps_0.0039.vnnlib,2.085015002,prepare_instance_error_1,-1
tinyimagenet,vnncomp2024_benchmarks/benchmarks/tinyimagenet/TinyImageNet_resnet_medium.onnx,vnncomp2024_benchmarks/benchmarks/tinyimagenet/TinyImageNet_resnet_medium_prop_idx_852_sidx_835_eps_0.0039.vnnlib,2.062042182,prepare_instance_error_1,-1
tinyimagenet,vnncomp2024_benchmarks/benchmarks/tinyimagenet/TinyImageNet_resnet_medium.onnx,vnncomp2024_benchmarks/benchmarks/tinyimagenet/TinyImageNet_resnet_medium_prop_idx_1714_sidx_8876_eps_0.0039.vnnlib,2.115198553,prepare_instance_error_1,-1
tinyimagenet,vnncomp2024_benchmarks/benchmarks/test/test_nano.onnx,vnncomp2024_benchmarks/benchmarks/test/test_nano.vnnlib,2.227213880,unsat,10.147576275
