tinyimagenet,vnncomp2024_benchmarks/benchmarks/tinyimagenet/onnx/TinyImageNet_resnet_medium.onnx,vnncomp2024_benchmarks/benchmarks/tinyimagenet/vnnlib/TinyImageNet_resnet_medium_prop_idx_1924_sidx_6759_eps_0.0039.vnnlib,.027532244,timeout,107.644505219
tinyimagenet,vnncomp2024_benchmarks/benchmarks/tinyimagenet/onnx/TinyImageNet_resnet_medium.onnx,vnncomp2024_benchmarks/benchmarks/tinyimagenet/vnnlib/TinyImageNet_resnet_medium_prop_idx_3866_sidx_8102_eps_0.0039.vnnlib,.030209523,timeout,107.661561857
tinyimagenet,vnncomp2024_benchmarks/benchmarks/tinyimagenet/onnx/TinyImageNet_resnet_medium.onnx,vnncomp2024_benchmarks/benchmarks/tinyimagenet/vnnlib/TinyImageNet_resnet_medium_prop_idx_5414_sidx_1938_eps_0.0039.vnnlib,.030067858,timeout,107.452176367
tinyimagenet,vnncomp2024_benchmarks/benchmarks/tinyimagenet/onnx/TinyImageNet_resnet_medium.onnx,vnncomp2024_benchmarks/benchmarks/tinyimagenet/vnnlib/TinyImageNet_resnet_medium_prop_idx_1617_sidx_845_eps_0.0039.vnnlib,.030571723,timeout,107.750066081
tinyimagenet,vnncomp2024_benchmarks/benchmarks/tinyimagenet/onnx/TinyImageNet_resnet_medium.onnx,vnncomp2024_benchmarks/benchmarks/tinyimagenet/vnnlib/TinyImageNet_resnet_medium_prop_idx_9376_sidx_6124_eps_0.0039.vnnlib,.029628870,timeout,107.385251716
tinyimagenet,vnncomp2024_benchmarks/benchmarks/tinyimagenet/onnx/TinyImageNet_resnet_medium.onnx,vnncomp2024_benchmarks/benchmarks/tinyimagenet/vnnlib/TinyImageNet_resnet_medium_prop_idx_1864_sidx_887_eps_0.0039.vnnlib,.029780405,timeout,107.661179124
tinyimagenet,vnncomp2024_benchmarks/benchmarks/tinyimagenet/onnx/TinyImageNet_resnet_medium.onnx,vnncomp2024_benchmarks/benchmarks/tinyimagenet/vnnlib/TinyImageNet_resnet_medium_prop_idx_3944_sidx_3039_eps_0.0039.vnnlib,.029972403,timeout,107.712342744
tinyimagenet,vnncomp2024_benchmarks/benchmarks/tinyimagenet/onnx/TinyImageNet_resnet_medium.onnx,vnncomp2024_benchmarks/benchmarks/tinyimagenet/vnnlib/TinyImageNet_resnet_medium_prop_idx_4043_sidx_9475_eps_0.0039.vnnlib,.061631142,timeout,107.658814881
tinyimagenet,vnncomp2024_benchmarks/benchmarks/tinyimagenet/onnx/TinyImageNet_resnet_medium.onnx,vnncomp2024_benchmarks/benchmarks/tinyimagenet/vnnlib/TinyImageNet_resnet_medium_prop_idx_4863_sidx_3184_eps_0.0039.vnnlib,.029925815,timeout,107.637489325
tinyimagenet,vnncomp2024_benchmarks/benchmarks/tinyimagenet/onnx/TinyImageNet_resnet_medium.onnx,vnncomp2024_benchmarks/benchmarks/tinyimagenet/vnnlib/TinyImageNet_resnet_medium_prop_idx_3973_sidx_9461_eps_0.0039.vnnlib,.030822412,timeout,107.990809920
tinyimagenet,vnncomp2024_benchmarks/benchmarks/tinyimagenet/onnx/TinyImageNet_resnet_medium.onnx,vnncomp2024_benchmarks/benchmarks/tinyimagenet/vnnlib/TinyImageNet_resnet_medium_prop_idx_3113_sidx_9370_eps_0.0039.vnnlib,.030215027,timeout,107.864925739
tinyimagenet,vnncomp2024_benchmarks/benchmarks/tinyimagenet/onnx/TinyImageNet_resnet_medium.onnx,vnncomp2024_benchmarks/benchmarks/tinyimagenet/vnnlib/TinyImageNet_resnet_medium_prop_idx_6461_sidx_2771_eps_0.0039.vnnlib,.030526158,timeout,107.688202804
tinyimagenet,vnncomp2024_benchmarks/benchmarks/tinyimagenet/onnx/TinyImageNet_resnet_medium.onnx,vnncomp2024_benchmarks/benchmarks/tinyimagenet/vnnlib/TinyImageNet_resnet_medium_prop_idx_2211_sidx_9985_eps_0.0039.vnnlib,.030775714,timeout,108.139921290
tinyimagenet,vnncomp2024_benchmarks/benchmarks/tinyimagenet/onnx/TinyImageNet_resnet_medium.onnx,vnncomp2024_benchmarks/benchmarks/tinyimagenet/vnnlib/TinyImageNet_resnet_medium_prop_idx_8245_sidx_4991_eps_0.0039.vnnlib,.030182318,timeout,108.054563045
tinyimagenet,vnncomp2024_benchmarks/benchmarks/tinyimagenet/onnx/TinyImageNet_resnet_medium.onnx,vnncomp2024_benchmarks/benchmarks/tinyimagenet/vnnlib/TinyImageNet_resnet_medium_prop_idx_4109_sidx_3134_eps_0.0039.vnnlib,.030068973,timeout,107.886753578
tinyimagenet,vnncomp2024_benchmarks/benchmarks/tinyimagenet/onnx/TinyImageNet_resnet_medium.onnx,vnncomp2024_benchmarks/benchmarks/tinyimagenet/vnnlib/TinyImageNet_resnet_medium_prop_idx_3133_sidx_2042_eps_0.0039.vnnlib,.030599537,timeout,107.943836611
tinyimagenet,vnncomp2024_benchmarks/benchmarks/tinyimagenet/onnx/TinyImageNet_resnet_medium.onnx,vnncomp2024_benchmarks/benchmarks/tinyimagenet/vnnlib/TinyImageNet_resnet_medium_prop_idx_6017_sidx_380_eps_0.0039.vnnlib,.029933793,timeout,107.963768257
tinyimagenet,vnncomp2024_benchmarks/benchmarks/tinyimagenet/onnx/TinyImageNet_resnet_medium.onnx,vnncomp2024_benchmarks/benchmarks/tinyimagenet/vnnlib/TinyImageNet_resnet_medium_prop_idx_3072_sidx_3250_eps_0.0039.vnnlib,.029860018,timeout,107.944566331
tinyimagenet,vnncomp2024_benchmarks/benchmarks/tinyimagenet/onnx/TinyImageNet_resnet_medium.onnx,vnncomp2024_benchmarks/benchmarks/tinyimagenet/vnnlib/TinyImageNet_resnet_medium_prop_idx_9542_sidx_2775_eps_0.0039.vnnlib,.029804480,timeout,107.744495265
tinyimagenet,vnncomp2024_benchmarks/benchmarks/tinyimagenet/onnx/TinyImageNet_resnet_medium.onnx,vnncomp2024_benchmarks/benchmarks/tinyimagenet/vnnlib/TinyImageNet_resnet_medium_prop_idx_762_sidx_4897_eps_0.0039.vnnlib,.029070981,timeout,107.610577298
tinyimagenet,vnncomp2024_benchmarks/benchmarks/tinyimagenet/onnx/TinyImageNet_resnet_medium.onnx,vnncomp2024_benchmarks/benchmarks/tinyimagenet/vnnlib/TinyImageNet_resnet_medium_prop_idx_4912_sidx_9915_eps_0.0039.vnnlib,.028804849,timeout,107.605012616
tinyimagenet,vnncomp2024_benchmarks/benchmarks/tinyimagenet/onnx/TinyImageNet_resnet_medium.onnx,vnncomp2024_benchmarks/benchmarks/tinyimagenet/vnnlib/TinyImageNet_resnet_medium_prop_idx_8213_sidx_7868_eps_0.0039.vnnlib,.028449582,timeout,107.603086828
tinyimagenet,vnncomp2024_benchmarks/benchmarks/tinyimagenet/onnx/TinyImageNet_resnet_medium.onnx,vnncomp2024_benchmarks/benchmarks/tinyimagenet/vnnlib/TinyImageNet_resnet_medium_prop_idx_2476_sidx_1784_eps_0.0039.vnnlib,.028503011,timeout,107.645015280
tinyimagenet,vnncomp2024_benchmarks/benchmarks/tinyimagenet/onnx/TinyImageNet_resnet_medium.onnx,vnncomp2024_benchmarks/benchmarks/tinyimagenet/vnnlib/TinyImageNet_resnet_medium_prop_idx_9569_sidx_8561_eps_0.0039.vnnlib,.028228053,timeout,107.493467623
tinyimagenet,vnncomp2024_benchmarks/benchmarks/tinyimagenet/onnx/TinyImageNet_resnet_medium.onnx,vnncomp2024_benchmarks/benchmarks/tinyimagenet/vnnlib/TinyImageNet_resnet_medium_prop_idx_7196_sidx_2293_eps_0.0039.vnnlib,.028850745,timeout,107.414175699
tinyimagenet,vnncomp2024_benchmarks/benchmarks/tinyimagenet/onnx/TinyImageNet_resnet_medium.onnx,vnncomp2024_benchmarks/benchmarks/tinyimagenet/vnnlib/TinyImageNet_resnet_medium_prop_idx_4880_sidx_5810_eps_0.0039.vnnlib,.047259176,timeout,107.667022895
tinyimagenet,vnncomp2024_benchmarks/benchmarks/tinyimagenet/onnx/TinyImageNet_resnet_medium.onnx,vnncomp2024_benchmarks/benchmarks/tinyimagenet/vnnlib/TinyImageNet_resnet_medium_prop_idx_6432_sidx_7615_eps_0.0039.vnnlib,.029882051,timeout,107.614252034
tinyimagenet,vnncomp2024_benchmarks/benchmarks/tinyimagenet/onnx/TinyImageNet_resnet_medium.onnx,vnncomp2024_benchmarks/benchmarks/tinyimagenet/vnnlib/TinyImageNet_resnet_medium_prop_idx_4329_sidx_5838_eps_0.0039.vnnlib,.028929325,timeout,107.545546835
tinyimagenet,vnncomp2024_benchmarks/benchmarks/tinyimagenet/onnx/TinyImageNet_resnet_medium.onnx,vnncomp2024_benchmarks/benchmarks/tinyimagenet/vnnlib/TinyImageNet_resnet_medium_prop_idx_3839_sidx_962_eps_0.0039.vnnlib,.028760920,timeout,107.810573695
tinyimagenet,vnncomp2024_benchmarks/benchmarks/tinyimagenet/onnx/TinyImageNet_resnet_medium.onnx,vnncomp2024_benchmarks/benchmarks/tinyimagenet/vnnlib/TinyImageNet_resnet_medium_prop_idx_6014_sidx_2164_eps_0.0039.vnnlib,.030256667,timeout,107.804743079
tinyimagenet,vnncomp2024_benchmarks/benchmarks/tinyimagenet/onnx/TinyImageNet_resnet_medium.onnx,vnncomp2024_benchmarks/benchmarks/tinyimagenet/vnnlib/TinyImageNet_resnet_medium_prop_idx_9558_sidx_6082_eps_0.0039.vnnlib,.028529550,timeout,107.605753881
tinyimagenet,vnncomp2024_benchmarks/benchmarks/tinyimagenet/onnx/TinyImageNet_resnet_medium.onnx,vnncomp2024_benchmarks/benchmarks/tinyimagenet/vnnlib/TinyImageNet_resnet_medium_prop_idx_5164_sidx_1240_eps_0.0039.vnnlib,.029159417,timeout,107.560792556
tinyimagenet,vnncomp2024_benchmarks/benchmarks/tinyimagenet/onnx/TinyImageNet_resnet_medium.onnx,vnncomp2024_benchmarks/benchmarks/tinyimagenet/vnnlib/TinyImageNet_resnet_medium_prop_idx_2907_sidx_66_eps_0.0039.vnnlib,.028483648,timeout,107.294536049
tinyimagenet,vnncomp2024_benchmarks/benchmarks/tinyimagenet/onnx/TinyImageNet_resnet_medium.onnx,vnncomp2024_benchmarks/benchmarks/tinyimagenet/vnnlib/TinyImageNet_resnet_medium_prop_idx_4463_sidx_4146_eps_0.0039.vnnlib,.028412024,timeout,107.528295224
tinyimagenet,vnncomp2024_benchmarks/benchmarks/tinyimagenet/onnx/TinyImageNet_resnet_medium.onnx,vnncomp2024_benchmarks/benchmarks/tinyimagenet/vnnlib/TinyImageNet_resnet_medium_prop_idx_5184_sidx_341_eps_0.0039.vnnlib,.028860535,timeout,107.603336831
tinyimagenet,vnncomp2024_benchmarks/benchmarks/tinyimagenet/onnx/TinyImageNet_resnet_medium.onnx,vnncomp2024_benchmarks/benchmarks/tinyimagenet/vnnlib/TinyImageNet_resnet_medium_prop_idx_9597_sidx_6636_eps_0.0039.vnnlib,.028732433,timeout,107.711409641
tinyimagenet,vnncomp2024_benchmarks/benchmarks/tinyimagenet/onnx/TinyImageNet_resnet_medium.onnx,vnncomp2024_benchmarks/benchmarks/tinyimagenet/vnnlib/TinyImageNet_resnet_medium_prop_idx_7225_sidx_2278_eps_0.0039.vnnlib,.028168483,timeout,107.187693668
tinyimagenet,vnncomp2024_benchmarks/benchmarks/tinyimagenet/onnx/TinyImageNet_resnet_medium.onnx,vnncomp2024_benchmarks/benchmarks/tinyimagenet/vnnlib/TinyImageNet_resnet_medium_prop_idx_5032_sidx_7113_eps_0.0039.vnnlib,.049005188,timeout,107.836189978
tinyimagenet,vnncomp2024_benchmarks/benchmarks/tinyimagenet/onnx/TinyImageNet_resnet_medium.onnx,vnncomp2024_benchmarks/benchmarks/tinyimagenet/vnnlib/TinyImageNet_resnet_medium_prop_idx_4925_sidx_4702_eps_0.0039.vnnlib,.030742668,timeout,107.586624432
tinyimagenet,vnncomp2024_benchmarks/benchmarks/tinyimagenet/onnx/TinyImageNet_resnet_medium.onnx,vnncomp2024_benchmarks/benchmarks/tinyimagenet/vnnlib/TinyImageNet_resnet_medium_prop_idx_9259_sidx_2193_eps_0.0039.vnnlib,.049152196,timeout,107.491840246
tinyimagenet,vnncomp2024_benchmarks/benchmarks/tinyimagenet/onnx/TinyImageNet_resnet_medium.onnx,vnncomp2024_benchmarks/benchmarks/tinyimagenet/vnnlib/TinyImageNet_resnet_medium_prop_idx_2755_sidx_193_eps_0.0039.vnnlib,.028509488,timeout,107.838059943
tinyimagenet,vnncomp2024_benchmarks/benchmarks/tinyimagenet/onnx/TinyImageNet_resnet_medium.onnx,vnncomp2024_benchmarks/benchmarks/tinyimagenet/vnnlib/TinyImageNet_resnet_medium_prop_idx_2899_sidx_6313_eps_0.0039.vnnlib,.028185976,timeout,107.583176781
tinyimagenet,vnncomp2024_benchmarks/benchmarks/tinyimagenet/onnx/TinyImageNet_resnet_medium.onnx,vnncomp2024_benchmarks/benchmarks/tinyimagenet/vnnlib/TinyImageNet_resnet_medium_prop_idx_2210_sidx_992_eps_0.0039.vnnlib,.030386124,timeout,107.551876092
tinyimagenet,vnncomp2024_benchmarks/benchmarks/tinyimagenet/onnx/TinyImageNet_resnet_medium.onnx,vnncomp2024_benchmarks/benchmarks/tinyimagenet/vnnlib/TinyImageNet_resnet_medium_prop_idx_2146_sidx_298_eps_0.0039.vnnlib,.047148925,timeout,107.840083186
tinyimagenet,vnncomp2024_benchmarks/benchmarks/tinyimagenet/onnx/TinyImageNet_resnet_medium.onnx,vnncomp2024_benchmarks/benchmarks/tinyimagenet/vnnlib/TinyImageNet_resnet_medium_prop_idx_7538_sidx_5076_eps_0.0039.vnnlib,.028842950,timeout,107.560014447
tinyimagenet,vnncomp2024_benchmarks/benchmarks/tinyimagenet/onnx/TinyImageNet_resnet_medium.onnx,vnncomp2024_benchmarks/benchmarks/tinyimagenet/vnnlib/TinyImageNet_resnet_medium_prop_idx_6194_sidx_6044_eps_0.0039.vnnlib,.028828824,timeout,107.560127618
tinyimagenet,vnncomp2024_benchmarks/benchmarks/tinyimagenet/onnx/TinyImageNet_resnet_medium.onnx,vnncomp2024_benchmarks/benchmarks/tinyimagenet/vnnlib/TinyImageNet_resnet_medium_prop_idx_3307_sidx_2634_eps_0.0039.vnnlib,.028092380,timeout,107.487261527
tinyimagenet,vnncomp2024_benchmarks/benchmarks/tinyimagenet/onnx/TinyImageNet_resnet_medium.onnx,vnncomp2024_benchmarks/benchmarks/tinyimagenet/vnnlib/TinyImageNet_resnet_medium_prop_idx_8667_sidx_4981_eps_0.0039.vnnlib,.028558081,timeout,107.738995195
tinyimagenet,vnncomp2024_benchmarks/benchmarks/tinyimagenet/onnx/TinyImageNet_resnet_medium.onnx,vnncomp2024_benchmarks/benchmarks/tinyimagenet/vnnlib/TinyImageNet_resnet_medium_prop_idx_837_sidx_5947_eps_0.0039.vnnlib,.028157997,timeout,107.343542791
tinyimagenet,vnncomp2024_benchmarks/benchmarks/tinyimagenet/onnx/TinyImageNet_resnet_medium.onnx,vnncomp2024_benchmarks/benchmarks/tinyimagenet/vnnlib/TinyImageNet_resnet_medium_prop_idx_4733_sidx_9708_eps_0.0039.vnnlib,.028583670,timeout,107.462926971
tinyimagenet,vnncomp2024_benchmarks/benchmarks/tinyimagenet/onnx/TinyImageNet_resnet_medium.onnx,vnncomp2024_benchmarks/benchmarks/tinyimagenet/vnnlib/TinyImageNet_resnet_medium_prop_idx_5709_sidx_6204_eps_0.0039.vnnlib,.030263831,timeout,107.511022859
tinyimagenet,vnncomp2024_benchmarks/benchmarks/tinyimagenet/onnx/TinyImageNet_resnet_medium.onnx,vnncomp2024_benchmarks/benchmarks/tinyimagenet/vnnlib/TinyImageNet_resnet_medium_prop_idx_5571_sidx_4595_eps_0.0039.vnnlib,.028501968,timeout,107.719828310
tinyimagenet,vnncomp2024_benchmarks/benchmarks/tinyimagenet/onnx/TinyImageNet_resnet_medium.onnx,vnncomp2024_benchmarks/benchmarks/tinyimagenet/vnnlib/TinyImageNet_resnet_medium_prop_idx_3148_sidx_1232_eps_0.0039.vnnlib,.028449482,timeout,107.327014308
tinyimagenet,vnncomp2024_benchmarks/benchmarks/tinyimagenet/onnx/TinyImageNet_resnet_medium.onnx,vnncomp2024_benchmarks/benchmarks/tinyimagenet/vnnlib/TinyImageNet_resnet_medium_prop_idx_236_sidx_420_eps_0.0039.vnnlib,.028285970,timeout,107.444696692
tinyimagenet,vnncomp2024_benchmarks/benchmarks/tinyimagenet/onnx/TinyImageNet_resnet_medium.onnx,vnncomp2024_benchmarks/benchmarks/tinyimagenet/vnnlib/TinyImageNet_resnet_medium_prop_idx_1731_sidx_6691_eps_0.0039.vnnlib,.028209526,timeout,107.564275924
tinyimagenet,vnncomp2024_benchmarks/benchmarks/tinyimagenet/onnx/TinyImageNet_resnet_medium.onnx,vnncomp2024_benchmarks/benchmarks/tinyimagenet/vnnlib/TinyImageNet_resnet_medium_prop_idx_2558_sidx_8085_eps_0.0039.vnnlib,.029345807,timeout,107.514732272
tinyimagenet,vnncomp2024_benchmarks/benchmarks/tinyimagenet/onnx/TinyImageNet_resnet_medium.onnx,vnncomp2024_benchmarks/benchmarks/tinyimagenet/vnnlib/TinyImageNet_resnet_medium_prop_idx_6623_sidx_4316_eps_0.0039.vnnlib,.031141173,timeout,107.415382728
tinyimagenet,vnncomp2024_benchmarks/benchmarks/tinyimagenet/onnx/TinyImageNet_resnet_medium.onnx,vnncomp2024_benchmarks/benchmarks/tinyimagenet/vnnlib/TinyImageNet_resnet_medium_prop_idx_8537_sidx_6506_eps_0.0039.vnnlib,.029758647,timeout,107.518073276
tinyimagenet,vnncomp2024_benchmarks/benchmarks/tinyimagenet/onnx/TinyImageNet_resnet_medium.onnx,vnncomp2024_benchmarks/benchmarks/tinyimagenet/vnnlib/TinyImageNet_resnet_medium_prop_idx_110_sidx_3348_eps_0.0039.vnnlib,.048658038,timeout,107.599546178
tinyimagenet,vnncomp2024_benchmarks/benchmarks/tinyimagenet/onnx/TinyImageNet_resnet_medium.onnx,vnncomp2024_benchmarks/benchmarks/tinyimagenet/vnnlib/TinyImageNet_resnet_medium_prop_idx_1939_sidx_6752_eps_0.0039.vnnlib,.029930600,timeout,107.409051911
tinyimagenet,vnncomp2024_benchmarks/benchmarks/tinyimagenet/onnx/TinyImageNet_resnet_medium.onnx,vnncomp2024_benchmarks/benchmarks/tinyimagenet/vnnlib/TinyImageNet_resnet_medium_prop_idx_6800_sidx_901_eps_0.0039.vnnlib,.029600535,timeout,107.579857864
tinyimagenet,vnncomp2024_benchmarks/benchmarks/tinyimagenet/onnx/TinyImageNet_resnet_medium.onnx,vnncomp2024_benchmarks/benchmarks/tinyimagenet/vnnlib/TinyImageNet_resnet_medium_prop_idx_9458_sidx_2592_eps_0.0039.vnnlib,.030269813,timeout,107.748793914
tinyimagenet,vnncomp2024_benchmarks/benchmarks/tinyimagenet/onnx/TinyImageNet_resnet_medium.onnx,vnncomp2024_benchmarks/benchmarks/tinyimagenet/vnnlib/TinyImageNet_resnet_medium_prop_idx_6098_sidx_7270_eps_0.0039.vnnlib,.030122872,timeout,107.675187630
tinyimagenet,vnncomp2024_benchmarks/benchmarks/tinyimagenet/onnx/TinyImageNet_resnet_medium.onnx,vnncomp2024_benchmarks/benchmarks/tinyimagenet/vnnlib/TinyImageNet_resnet_medium_prop_idx_410_sidx_1150_eps_0.0039.vnnlib,.030262517,timeout,107.545110947
tinyimagenet,vnncomp2024_benchmarks/benchmarks/tinyimagenet/onnx/TinyImageNet_resnet_medium.onnx,vnncomp2024_benchmarks/benchmarks/tinyimagenet/vnnlib/TinyImageNet_resnet_medium_prop_idx_2184_sidx_9679_eps_0.0039.vnnlib,.030214191,timeout,107.647937526
tinyimagenet,vnncomp2024_benchmarks/benchmarks/tinyimagenet/onnx/TinyImageNet_resnet_medium.onnx,vnncomp2024_benchmarks/benchmarks/tinyimagenet/vnnlib/TinyImageNet_resnet_medium_prop_idx_4477_sidx_4081_eps_0.0039.vnnlib,.029409106,timeout,107.620731853
tinyimagenet,vnncomp2024_benchmarks/benchmarks/tinyimagenet/onnx/TinyImageNet_resnet_medium.onnx,vnncomp2024_benchmarks/benchmarks/tinyimagenet/vnnlib/TinyImageNet_resnet_medium_prop_idx_3891_sidx_62_eps_0.0039.vnnlib,.030571862,timeout,107.207105772
tinyimagenet,vnncomp2024_benchmarks/benchmarks/tinyimagenet/onnx/TinyImageNet_resnet_medium.onnx,vnncomp2024_benchmarks/benchmarks/tinyimagenet/vnnlib/TinyImageNet_resnet_medium_prop_idx_7689_sidx_3205_eps_0.0039.vnnlib,.029056931,timeout,107.776498605
tinyimagenet,vnncomp2024_benchmarks/benchmarks/tinyimagenet/onnx/TinyImageNet_resnet_medium.onnx,vnncomp2024_benchmarks/benchmarks/tinyimagenet/vnnlib/TinyImageNet_resnet_medium_prop_idx_8013_sidx_2238_eps_0.0039.vnnlib,.029807343,timeout,107.479677935
tinyimagenet,vnncomp2024_benchmarks/benchmarks/tinyimagenet/onnx/TinyImageNet_resnet_medium.onnx,vnncomp2024_benchmarks/benchmarks/tinyimagenet/vnnlib/TinyImageNet_resnet_medium_prop_idx_6161_sidx_1818_eps_0.0039.vnnlib,.028186036,timeout,107.368108526
tinyimagenet,vnncomp2024_benchmarks/benchmarks/tinyimagenet/onnx/TinyImageNet_resnet_medium.onnx,vnncomp2024_benchmarks/benchmarks/tinyimagenet/vnnlib/TinyImageNet_resnet_medium_prop_idx_8310_sidx_4525_eps_0.0039.vnnlib,.028865485,timeout,107.355876131
tinyimagenet,vnncomp2024_benchmarks/benchmarks/tinyimagenet/onnx/TinyImageNet_resnet_medium.onnx,vnncomp2024_benchmarks/benchmarks/tinyimagenet/vnnlib/TinyImageNet_resnet_medium_prop_idx_6827_sidx_2613_eps_0.0039.vnnlib,.029763162,timeout,107.473187835
tinyimagenet,vnncomp2024_benchmarks/benchmarks/tinyimagenet/onnx/TinyImageNet_resnet_medium.onnx,vnncomp2024_benchmarks/benchmarks/tinyimagenet/vnnlib/TinyImageNet_resnet_medium_prop_idx_4931_sidx_3891_eps_0.0039.vnnlib,.028483212,timeout,107.671193639
tinyimagenet,vnncomp2024_benchmarks/benchmarks/tinyimagenet/onnx/TinyImageNet_resnet_medium.onnx,vnncomp2024_benchmarks/benchmarks/tinyimagenet/vnnlib/TinyImageNet_resnet_medium_prop_idx_4551_sidx_6769_eps_0.0039.vnnlib,.049866698,timeout,107.404728310
tinyimagenet,vnncomp2024_benchmarks/benchmarks/tinyimagenet/onnx/TinyImageNet_resnet_medium.onnx,vnncomp2024_benchmarks/benchmarks/tinyimagenet/vnnlib/TinyImageNet_resnet_medium_prop_idx_1983_sidx_1459_eps_0.0039.vnnlib,.029926498,timeout,107.391781102
tinyimagenet,vnncomp2024_benchmarks/benchmarks/tinyimagenet/onnx/TinyImageNet_resnet_medium.onnx,vnncomp2024_benchmarks/benchmarks/tinyimagenet/vnnlib/TinyImageNet_resnet_medium_prop_idx_7277_sidx_8835_eps_0.0039.vnnlib,.029843417,timeout,107.742891457
tinyimagenet,vnncomp2024_benchmarks/benchmarks/tinyimagenet/onnx/TinyImageNet_resnet_medium.onnx,vnncomp2024_benchmarks/benchmarks/tinyimagenet/vnnlib/TinyImageNet_resnet_medium_prop_idx_3834_sidx_8866_eps_0.0039.vnnlib,.029724307,timeout,107.475267412
tinyimagenet,vnncomp2024_benchmarks/benchmarks/tinyimagenet/onnx/TinyImageNet_resnet_medium.onnx,vnncomp2024_benchmarks/benchmarks/tinyimagenet/vnnlib/TinyImageNet_resnet_medium_prop_idx_3018_sidx_1546_eps_0.0039.vnnlib,.029961229,timeout,107.291009837
tinyimagenet,vnncomp2024_benchmarks/benchmarks/tinyimagenet/onnx/TinyImageNet_resnet_medium.onnx,vnncomp2024_benchmarks/benchmarks/tinyimagenet/vnnlib/TinyImageNet_resnet_medium_prop_idx_1578_sidx_7829_eps_0.0039.vnnlib,.029528126,timeout,107.536416828
tinyimagenet,vnncomp2024_benchmarks/benchmarks/tinyimagenet/onnx/TinyImageNet_resnet_medium.onnx,vnncomp2024_benchmarks/benchmarks/tinyimagenet/vnnlib/TinyImageNet_resnet_medium_prop_idx_9419_sidx_9984_eps_0.0039.vnnlib,.029601467,timeout,107.458900019
tinyimagenet,vnncomp2024_benchmarks/benchmarks/tinyimagenet/onnx/TinyImageNet_resnet_medium.onnx,vnncomp2024_benchmarks/benchmarks/tinyimagenet/vnnlib/TinyImageNet_resnet_medium_prop_idx_962_sidx_2870_eps_0.0039.vnnlib,.028726012,timeout,107.588025697
tinyimagenet,vnncomp2024_benchmarks/benchmarks/tinyimagenet/onnx/TinyImageNet_resnet_medium.onnx,vnncomp2024_benchmarks/benchmarks/tinyimagenet/vnnlib/TinyImageNet_resnet_medium_prop_idx_336_sidx_2254_eps_0.0039.vnnlib,.048306145,timeout,107.384667918
tinyimagenet,vnncomp2024_benchmarks/benchmarks/tinyimagenet/onnx/TinyImageNet_resnet_medium.onnx,vnncomp2024_benchmarks/benchmarks/tinyimagenet/vnnlib/TinyImageNet_resnet_medium_prop_idx_7187_sidx_4191_eps_0.0039.vnnlib,.030259412,timeout,107.626797826
tinyimagenet,vnncomp2024_benchmarks/benchmarks/tinyimagenet/onnx/TinyImageNet_resnet_medium.onnx,vnncomp2024_benchmarks/benchmarks/tinyimagenet/vnnlib/TinyImageNet_resnet_medium_prop_idx_6471_sidx_5357_eps_0.0039.vnnlib,.030001930,timeout,107.891600488
tinyimagenet,vnncomp2024_benchmarks/benchmarks/tinyimagenet/onnx/TinyImageNet_resnet_medium.onnx,vnncomp2024_benchmarks/benchmarks/tinyimagenet/vnnlib/TinyImageNet_resnet_medium_prop_idx_3115_sidx_671_eps_0.0039.vnnlib,.029702462,timeout,107.505512209
tinyimagenet,vnncomp2024_benchmarks/benchmarks/tinyimagenet/onnx/TinyImageNet_resnet_medium.onnx,vnncomp2024_benchmarks/benchmarks/tinyimagenet/vnnlib/TinyImageNet_resnet_medium_prop_idx_2711_sidx_1466_eps_0.0039.vnnlib,.030078705,timeout,107.640883576
tinyimagenet,vnncomp2024_benchmarks/benchmarks/tinyimagenet/onnx/TinyImageNet_resnet_medium.onnx,vnncomp2024_benchmarks/benchmarks/tinyimagenet/vnnlib/TinyImageNet_resnet_medium_prop_idx_1733_sidx_5415_eps_0.0039.vnnlib,.030079138,timeout,107.598816433
tinyimagenet,vnncomp2024_benchmarks/benchmarks/tinyimagenet/onnx/TinyImageNet_resnet_medium.onnx,vnncomp2024_benchmarks/benchmarks/tinyimagenet/vnnlib/TinyImageNet_resnet_medium_prop_idx_1550_sidx_7671_eps_0.0039.vnnlib,.027998210,timeout,107.559025525
tinyimagenet,vnncomp2024_benchmarks/benchmarks/tinyimagenet/onnx/TinyImageNet_resnet_medium.onnx,vnncomp2024_benchmarks/benchmarks/tinyimagenet/vnnlib/TinyImageNet_resnet_medium_prop_idx_3373_sidx_5926_eps_0.0039.vnnlib,.029514259,timeout,107.646171573
tinyimagenet,vnncomp2024_benchmarks/benchmarks/tinyimagenet/onnx/TinyImageNet_resnet_medium.onnx,vnncomp2024_benchmarks/benchmarks/tinyimagenet/vnnlib/TinyImageNet_resnet_medium_prop_idx_1417_sidx_8632_eps_0.0039.vnnlib,.028560349,timeout,107.344230629
tinyimagenet,vnncomp2024_benchmarks/benchmarks/tinyimagenet/onnx/TinyImageNet_resnet_medium.onnx,vnncomp2024_benchmarks/benchmarks/tinyimagenet/vnnlib/TinyImageNet_resnet_medium_prop_idx_9600_sidx_3536_eps_0.0039.vnnlib,.029967820,timeout,107.359756600
tinyimagenet,vnncomp2024_benchmarks/benchmarks/tinyimagenet/onnx/TinyImageNet_resnet_medium.onnx,vnncomp2024_benchmarks/benchmarks/tinyimagenet/vnnlib/TinyImageNet_resnet_medium_prop_idx_4572_sidx_2108_eps_0.0039.vnnlib,.028340130,timeout,107.612794285
tinyimagenet,vnncomp2024_benchmarks/benchmarks/tinyimagenet/onnx/TinyImageNet_resnet_medium.onnx,vnncomp2024_benchmarks/benchmarks/tinyimagenet/vnnlib/TinyImageNet_resnet_medium_prop_idx_2053_sidx_9323_eps_0.0039.vnnlib,.030264118,timeout,107.566155290
tinyimagenet,vnncomp2024_benchmarks/benchmarks/tinyimagenet/onnx/TinyImageNet_resnet_medium.onnx,vnncomp2024_benchmarks/benchmarks/tinyimagenet/vnnlib/TinyImageNet_resnet_medium_prop_idx_6147_sidx_35_eps_0.0039.vnnlib,.056900153,timeout,107.632613449
tinyimagenet,vnncomp2024_benchmarks/benchmarks/tinyimagenet/onnx/TinyImageNet_resnet_medium.onnx,vnncomp2024_benchmarks/benchmarks/tinyimagenet/vnnlib/TinyImageNet_resnet_medium_prop_idx_1986_sidx_9516_eps_0.0039.vnnlib,.028218900,timeout,107.537599736
tinyimagenet,vnncomp2024_benchmarks/benchmarks/tinyimagenet/onnx/TinyImageNet_resnet_medium.onnx,vnncomp2024_benchmarks/benchmarks/tinyimagenet/vnnlib/TinyImageNet_resnet_medium_prop_idx_6755_sidx_2653_eps_0.0039.vnnlib,.028467559,timeout,107.581108907
tinyimagenet,vnncomp2024_benchmarks/benchmarks/tinyimagenet/onnx/TinyImageNet_resnet_medium.onnx,vnncomp2024_benchmarks/benchmarks/tinyimagenet/vnnlib/TinyImageNet_resnet_medium_prop_idx_5982_sidx_4177_eps_0.0039.vnnlib,.029799241,timeout,107.267245050
tinyimagenet,vnncomp2024_benchmarks/benchmarks/tinyimagenet/onnx/TinyImageNet_resnet_medium.onnx,vnncomp2024_benchmarks/benchmarks/tinyimagenet/vnnlib/TinyImageNet_resnet_medium_prop_idx_7193_sidx_3486_eps_0.0039.vnnlib,.028950751,timeout,107.509186444
tinyimagenet,vnncomp2024_benchmarks/benchmarks/tinyimagenet/onnx/TinyImageNet_resnet_medium.onnx,vnncomp2024_benchmarks/benchmarks/tinyimagenet/vnnlib/TinyImageNet_resnet_medium_prop_idx_9013_sidx_9657_eps_0.0039.vnnlib,.027986201,timeout,107.577875217
tinyimagenet,vnncomp2024_benchmarks/benchmarks/tinyimagenet/onnx/TinyImageNet_resnet_medium.onnx,vnncomp2024_benchmarks/benchmarks/tinyimagenet/vnnlib/TinyImageNet_resnet_medium_prop_idx_1058_sidx_5209_eps_0.0039.vnnlib,.028300728,timeout,107.517145788
tinyimagenet,vnncomp2024_benchmarks/benchmarks/tinyimagenet/onnx/TinyImageNet_resnet_medium.onnx,vnncomp2024_benchmarks/benchmarks/tinyimagenet/vnnlib/TinyImageNet_resnet_medium_prop_idx_8186_sidx_1858_eps_0.0039.vnnlib,.047506344,timeout,107.511978335
tinyimagenet,vnncomp2024_benchmarks/benchmarks/tinyimagenet/onnx/TinyImageNet_resnet_medium.onnx,vnncomp2024_benchmarks/benchmarks/tinyimagenet/vnnlib/TinyImageNet_resnet_medium_prop_idx_6628_sidx_8822_eps_0.0039.vnnlib,.059862905,timeout,107.639601639
tinyimagenet,vnncomp2024_benchmarks/benchmarks/tinyimagenet/onnx/TinyImageNet_resnet_medium.onnx,vnncomp2024_benchmarks/benchmarks/tinyimagenet/vnnlib/TinyImageNet_resnet_medium_prop_idx_7078_sidx_5928_eps_0.0039.vnnlib,.047042780,timeout,107.593373487
tinyimagenet,vnncomp2024_benchmarks/benchmarks/tinyimagenet/onnx/TinyImageNet_resnet_medium.onnx,vnncomp2024_benchmarks/benchmarks/tinyimagenet/vnnlib/TinyImageNet_resnet_medium_prop_idx_4945_sidx_4616_eps_0.0039.vnnlib,.030227326,timeout,107.770097974
tinyimagenet,vnncomp2024_benchmarks/benchmarks/tinyimagenet/onnx/TinyImageNet_resnet_medium.onnx,vnncomp2024_benchmarks/benchmarks/tinyimagenet/vnnlib/TinyImageNet_resnet_medium_prop_idx_7575_sidx_6502_eps_0.0039.vnnlib,.048078001,timeout,107.794869674
tinyimagenet,vnncomp2024_benchmarks/benchmarks/tinyimagenet/onnx/TinyImageNet_resnet_medium.onnx,vnncomp2024_benchmarks/benchmarks/tinyimagenet/vnnlib/TinyImageNet_resnet_medium_prop_idx_1175_sidx_7775_eps_0.0039.vnnlib,.029877144,timeout,107.785910929
tinyimagenet,vnncomp2024_benchmarks/benchmarks/tinyimagenet/onnx/TinyImageNet_resnet_medium.onnx,vnncomp2024_benchmarks/benchmarks/tinyimagenet/vnnlib/TinyImageNet_resnet_medium_prop_idx_2212_sidx_6450_eps_0.0039.vnnlib,.028170354,timeout,107.458102843
tinyimagenet,vnncomp2024_benchmarks/benchmarks/tinyimagenet/onnx/TinyImageNet_resnet_medium.onnx,vnncomp2024_benchmarks/benchmarks/tinyimagenet/vnnlib/TinyImageNet_resnet_medium_prop_idx_2159_sidx_9504_eps_0.0039.vnnlib,.028940568,timeout,107.476844089
tinyimagenet,vnncomp2024_benchmarks/benchmarks/tinyimagenet/onnx/TinyImageNet_resnet_medium.onnx,vnncomp2024_benchmarks/benchmarks/tinyimagenet/vnnlib/TinyImageNet_resnet_medium_prop_idx_5440_sidx_1808_eps_0.0039.vnnlib,.027930374,timeout,107.621459703
tinyimagenet,vnncomp2024_benchmarks/benchmarks/tinyimagenet/onnx/TinyImageNet_resnet_medium.onnx,vnncomp2024_benchmarks/benchmarks/tinyimagenet/vnnlib/TinyImageNet_resnet_medium_prop_idx_4086_sidx_4548_eps_0.0039.vnnlib,.027916156,timeout,107.505257112
tinyimagenet,vnncomp2024_benchmarks/benchmarks/tinyimagenet/onnx/TinyImageNet_resnet_medium.onnx,vnncomp2024_benchmarks/benchmarks/tinyimagenet/vnnlib/TinyImageNet_resnet_medium_prop_idx_4057_sidx_8514_eps_0.0039.vnnlib,.029982818,timeout,107.548833286
tinyimagenet,vnncomp2024_benchmarks/benchmarks/tinyimagenet/onnx/TinyImageNet_resnet_medium.onnx,vnncomp2024_benchmarks/benchmarks/tinyimagenet/vnnlib/TinyImageNet_resnet_medium_prop_idx_233_sidx_127_eps_0.0039.vnnlib,.028578134,timeout,107.458040441
tinyimagenet,vnncomp2024_benchmarks/benchmarks/tinyimagenet/onnx/TinyImageNet_resnet_medium.onnx,vnncomp2024_benchmarks/benchmarks/tinyimagenet/vnnlib/TinyImageNet_resnet_medium_prop_idx_7583_sidx_4674_eps_0.0039.vnnlib,.027802512,sat,29.212390429
tinyimagenet,vnncomp2024_benchmarks/benchmarks/tinyimagenet/onnx/TinyImageNet_resnet_medium.onnx,vnncomp2024_benchmarks/benchmarks/tinyimagenet/vnnlib/TinyImageNet_resnet_medium_prop_idx_9595_sidx_2951_eps_0.0039.vnnlib,.029602736,timeout,107.545314932
tinyimagenet,vnncomp2024_benchmarks/benchmarks/tinyimagenet/onnx/TinyImageNet_resnet_medium.onnx,vnncomp2024_benchmarks/benchmarks/tinyimagenet/vnnlib/TinyImageNet_resnet_medium_prop_idx_5232_sidx_8001_eps_0.0039.vnnlib,.028637369,timeout,107.712830459
tinyimagenet,vnncomp2024_benchmarks/benchmarks/tinyimagenet/onnx/TinyImageNet_resnet_medium.onnx,vnncomp2024_benchmarks/benchmarks/tinyimagenet/vnnlib/TinyImageNet_resnet_medium_prop_idx_1411_sidx_3601_eps_0.0039.vnnlib,.048488621,timeout,107.936297672
tinyimagenet,vnncomp2024_benchmarks/benchmarks/tinyimagenet/onnx/TinyImageNet_resnet_medium.onnx,vnncomp2024_benchmarks/benchmarks/tinyimagenet/vnnlib/TinyImageNet_resnet_medium_prop_idx_7209_sidx_9753_eps_0.0039.vnnlib,.028040695,timeout,107.230225163
tinyimagenet,vnncomp2024_benchmarks/benchmarks/tinyimagenet/onnx/TinyImageNet_resnet_medium.onnx,vnncomp2024_benchmarks/benchmarks/tinyimagenet/vnnlib/TinyImageNet_resnet_medium_prop_idx_2820_sidx_1334_eps_0.0039.vnnlib,.028380842,timeout,107.358493598
tinyimagenet,vnncomp2024_benchmarks/benchmarks/tinyimagenet/onnx/TinyImageNet_resnet_medium.onnx,vnncomp2024_benchmarks/benchmarks/tinyimagenet/vnnlib/TinyImageNet_resnet_medium_prop_idx_2908_sidx_3802_eps_0.0039.vnnlib,.028085254,timeout,107.302912018
tinyimagenet,vnncomp2024_benchmarks/benchmarks/tinyimagenet/onnx/TinyImageNet_resnet_medium.onnx,vnncomp2024_benchmarks/benchmarks/tinyimagenet/vnnlib/TinyImageNet_resnet_medium_prop_idx_2483_sidx_173_eps_0.0039.vnnlib,.029501834,sat,30.298926444
tinyimagenet,vnncomp2024_benchmarks/benchmarks/tinyimagenet/onnx/TinyImageNet_resnet_medium.onnx,vnncomp2024_benchmarks/benchmarks/tinyimagenet/vnnlib/TinyImageNet_resnet_medium_prop_idx_2614_sidx_8153_eps_0.0039.vnnlib,.028251992,timeout,107.656431995
tinyimagenet,vnncomp2024_benchmarks/benchmarks/tinyimagenet/onnx/TinyImageNet_resnet_medium.onnx,vnncomp2024_benchmarks/benchmarks/tinyimagenet/vnnlib/TinyImageNet_resnet_medium_prop_idx_5095_sidx_8655_eps_0.0039.vnnlib,.028452812,timeout,107.089137753
tinyimagenet,vnncomp2024_benchmarks/benchmarks/tinyimagenet/onnx/TinyImageNet_resnet_medium.onnx,vnncomp2024_benchmarks/benchmarks/tinyimagenet/vnnlib/TinyImageNet_resnet_medium_prop_idx_1359_sidx_7221_eps_0.0039.vnnlib,.028693063,timeout,107.582115001
tinyimagenet,vnncomp2024_benchmarks/benchmarks/tinyimagenet/onnx/TinyImageNet_resnet_medium.onnx,vnncomp2024_benchmarks/benchmarks/tinyimagenet/vnnlib/TinyImageNet_resnet_medium_prop_idx_321_sidx_2596_eps_0.0039.vnnlib,.027932713,timeout,107.606324021
tinyimagenet,vnncomp2024_benchmarks/benchmarks/tinyimagenet/onnx/TinyImageNet_resnet_medium.onnx,vnncomp2024_benchmarks/benchmarks/tinyimagenet/vnnlib/TinyImageNet_resnet_medium_prop_idx_6228_sidx_7979_eps_0.0039.vnnlib,.028037611,timeout,107.436128734
tinyimagenet,vnncomp2024_benchmarks/benchmarks/tinyimagenet/onnx/TinyImageNet_resnet_medium.onnx,vnncomp2024_benchmarks/benchmarks/tinyimagenet/vnnlib/TinyImageNet_resnet_medium_prop_idx_4709_sidx_8110_eps_0.0039.vnnlib,.028247475,timeout,107.861768032
tinyimagenet,vnncomp2024_benchmarks/benchmarks/tinyimagenet/onnx/TinyImageNet_resnet_medium.onnx,vnncomp2024_benchmarks/benchmarks/tinyimagenet/vnnlib/TinyImageNet_resnet_medium_prop_idx_270_sidx_5414_eps_0.0039.vnnlib,.049743497,timeout,107.419712407
tinyimagenet,vnncomp2024_benchmarks/benchmarks/tinyimagenet/onnx/TinyImageNet_resnet_medium.onnx,vnncomp2024_benchmarks/benchmarks/tinyimagenet/vnnlib/TinyImageNet_resnet_medium_prop_idx_7109_sidx_4074_eps_0.0039.vnnlib,.029995684,timeout,107.275520492
tinyimagenet,vnncomp2024_benchmarks/benchmarks/tinyimagenet/onnx/TinyImageNet_resnet_medium.onnx,vnncomp2024_benchmarks/benchmarks/tinyimagenet/vnnlib/TinyImageNet_resnet_medium_prop_idx_782_sidx_6135_eps_0.0039.vnnlib,.049638781,timeout,107.556401491
tinyimagenet,vnncomp2024_benchmarks/benchmarks/tinyimagenet/onnx/TinyImageNet_resnet_medium.onnx,vnncomp2024_benchmarks/benchmarks/tinyimagenet/vnnlib/TinyImageNet_resnet_medium_prop_idx_7564_sidx_5708_eps_0.0039.vnnlib,.029768756,timeout,107.432410539
tinyimagenet,vnncomp2024_benchmarks/benchmarks/tinyimagenet/onnx/TinyImageNet_resnet_medium.onnx,vnncomp2024_benchmarks/benchmarks/tinyimagenet/vnnlib/TinyImageNet_resnet_medium_prop_idx_5591_sidx_6464_eps_0.0039.vnnlib,.029487236,timeout,107.604651111
tinyimagenet,vnncomp2024_benchmarks/benchmarks/tinyimagenet/onnx/TinyImageNet_resnet_medium.onnx,vnncomp2024_benchmarks/benchmarks/tinyimagenet/vnnlib/TinyImageNet_resnet_medium_prop_idx_5673_sidx_6615_eps_0.0039.vnnlib,.030229920,timeout,107.460471878
tinyimagenet,vnncomp2024_benchmarks/benchmarks/tinyimagenet/onnx/TinyImageNet_resnet_medium.onnx,vnncomp2024_benchmarks/benchmarks/tinyimagenet/vnnlib/TinyImageNet_resnet_medium_prop_idx_4726_sidx_5177_eps_0.0039.vnnlib,.030165431,timeout,107.520042569
tinyimagenet,vnncomp2024_benchmarks/benchmarks/tinyimagenet/onnx/TinyImageNet_resnet_medium.onnx,vnncomp2024_benchmarks/benchmarks/tinyimagenet/vnnlib/TinyImageNet_resnet_medium_prop_idx_3798_sidx_3627_eps_0.0039.vnnlib,.030536364,timeout,107.450607765
tinyimagenet,vnncomp2024_benchmarks/benchmarks/tinyimagenet/onnx/TinyImageNet_resnet_medium.onnx,vnncomp2024_benchmarks/benchmarks/tinyimagenet/vnnlib/TinyImageNet_resnet_medium_prop_idx_5216_sidx_9450_eps_0.0039.vnnlib,.030262931,timeout,107.661070577
tinyimagenet,vnncomp2024_benchmarks/benchmarks/tinyimagenet/onnx/TinyImageNet_resnet_medium.onnx,vnncomp2024_benchmarks/benchmarks/tinyimagenet/vnnlib/TinyImageNet_resnet_medium_prop_idx_3437_sidx_2708_eps_0.0039.vnnlib,.029548770,timeout,107.549058129
tinyimagenet,vnncomp2024_benchmarks/benchmarks/tinyimagenet/onnx/TinyImageNet_resnet_medium.onnx,vnncomp2024_benchmarks/benchmarks/tinyimagenet/vnnlib/TinyImageNet_resnet_medium_prop_idx_2448_sidx_6943_eps_0.0039.vnnlib,.029819359,timeout,107.715235176
tinyimagenet,vnncomp2024_benchmarks/benchmarks/tinyimagenet/onnx/TinyImageNet_resnet_medium.onnx,vnncomp2024_benchmarks/benchmarks/tinyimagenet/vnnlib/TinyImageNet_resnet_medium_prop_idx_57_sidx_9858_eps_0.0039.vnnlib,.029747403,timeout,107.492104217
tinyimagenet,vnncomp2024_benchmarks/benchmarks/tinyimagenet/onnx/TinyImageNet_resnet_medium.onnx,vnncomp2024_benchmarks/benchmarks/tinyimagenet/vnnlib/TinyImageNet_resnet_medium_prop_idx_7856_sidx_8402_eps_0.0039.vnnlib,.031131036,timeout,107.737922448
tinyimagenet,vnncomp2024_benchmarks/benchmarks/tinyimagenet/onnx/TinyImageNet_resnet_medium.onnx,vnncomp2024_benchmarks/benchmarks/tinyimagenet/vnnlib/TinyImageNet_resnet_medium_prop_idx_1933_sidx_9361_eps_0.0039.vnnlib,.039468793,timeout,107.491717514
tinyimagenet,vnncomp2024_benchmarks/benchmarks/tinyimagenet/onnx/TinyImageNet_resnet_medium.onnx,vnncomp2024_benchmarks/benchmarks/tinyimagenet/vnnlib/TinyImageNet_resnet_medium_prop_idx_6391_sidx_336_eps_0.0039.vnnlib,.028485466,timeout,107.303349581
tinyimagenet,vnncomp2024_benchmarks/benchmarks/tinyimagenet/onnx/TinyImageNet_resnet_medium.onnx,vnncomp2024_benchmarks/benchmarks/tinyimagenet/vnnlib/TinyImageNet_resnet_medium_prop_idx_6397_sidx_4408_eps_0.0039.vnnlib,.028224487,timeout,107.545049032
tinyimagenet,vnncomp2024_benchmarks/benchmarks/tinyimagenet/onnx/TinyImageNet_resnet_medium.onnx,vnncomp2024_benchmarks/benchmarks/tinyimagenet/vnnlib/TinyImageNet_resnet_medium_prop_idx_1923_sidx_9398_eps_0.0039.vnnlib,.028694719,timeout,107.603080223
tinyimagenet,vnncomp2024_benchmarks/benchmarks/tinyimagenet/onnx/TinyImageNet_resnet_medium.onnx,vnncomp2024_benchmarks/benchmarks/tinyimagenet/vnnlib/TinyImageNet_resnet_medium_prop_idx_7709_sidx_8188_eps_0.0039.vnnlib,.028513604,timeout,107.554371921
tinyimagenet,vnncomp2024_benchmarks/benchmarks/tinyimagenet/onnx/TinyImageNet_resnet_medium.onnx,vnncomp2024_benchmarks/benchmarks/tinyimagenet/vnnlib/TinyImageNet_resnet_medium_prop_idx_4087_sidx_6984_eps_0.0039.vnnlib,.028685381,timeout,107.485738076
tinyimagenet,vnncomp2024_benchmarks/benchmarks/tinyimagenet/onnx/TinyImageNet_resnet_medium.onnx,vnncomp2024_benchmarks/benchmarks/tinyimagenet/vnnlib/TinyImageNet_resnet_medium_prop_idx_1527_sidx_2130_eps_0.0039.vnnlib,.028407506,timeout,107.760602503
tinyimagenet,vnncomp2024_benchmarks/benchmarks/tinyimagenet/onnx/TinyImageNet_resnet_medium.onnx,vnncomp2024_benchmarks/benchmarks/tinyimagenet/vnnlib/TinyImageNet_resnet_medium_prop_idx_7946_sidx_1068_eps_0.0039.vnnlib,.029806604,timeout,107.748247465
tinyimagenet,vnncomp2024_benchmarks/benchmarks/tinyimagenet/onnx/TinyImageNet_resnet_medium.onnx,vnncomp2024_benchmarks/benchmarks/tinyimagenet/vnnlib/TinyImageNet_resnet_medium_prop_idx_9871_sidx_3794_eps_0.0039.vnnlib,.051266041,timeout,107.558075745
tinyimagenet,vnncomp2024_benchmarks/benchmarks/tinyimagenet/onnx/TinyImageNet_resnet_medium.onnx,vnncomp2024_benchmarks/benchmarks/tinyimagenet/vnnlib/TinyImageNet_resnet_medium_prop_idx_8524_sidx_7247_eps_0.0039.vnnlib,.029955032,timeout,107.177396501
tinyimagenet,vnncomp2024_benchmarks/benchmarks/tinyimagenet/onnx/TinyImageNet_resnet_medium.onnx,vnncomp2024_benchmarks/benchmarks/tinyimagenet/vnnlib/TinyImageNet_resnet_medium_prop_idx_4213_sidx_1247_eps_0.0039.vnnlib,.028674165,timeout,107.493372381
tinyimagenet,vnncomp2024_benchmarks/benchmarks/tinyimagenet/onnx/TinyImageNet_resnet_medium.onnx,vnncomp2024_benchmarks/benchmarks/tinyimagenet/vnnlib/TinyImageNet_resnet_medium_prop_idx_6412_sidx_6140_eps_0.0039.vnnlib,.028603115,timeout,107.459788268
tinyimagenet,vnncomp2024_benchmarks/benchmarks/tinyimagenet/onnx/TinyImageNet_resnet_medium.onnx,vnncomp2024_benchmarks/benchmarks/tinyimagenet/vnnlib/TinyImageNet_resnet_medium_prop_idx_275_sidx_6332_eps_0.0039.vnnlib,.028108604,timeout,107.562191515
tinyimagenet,vnncomp2024_benchmarks/benchmarks/tinyimagenet/onnx/TinyImageNet_resnet_medium.onnx,vnncomp2024_benchmarks/benchmarks/tinyimagenet/vnnlib/TinyImageNet_resnet_medium_prop_idx_484_sidx_161_eps_0.0039.vnnlib,.028707783,timeout,107.319824683
tinyimagenet,vnncomp2024_benchmarks/benchmarks/tinyimagenet/onnx/TinyImageNet_resnet_medium.onnx,vnncomp2024_benchmarks/benchmarks/tinyimagenet/vnnlib/TinyImageNet_resnet_medium_prop_idx_3275_sidx_6624_eps_0.0039.vnnlib,.028627787,timeout,107.147325599
tinyimagenet,vnncomp2024_benchmarks/benchmarks/tinyimagenet/onnx/TinyImageNet_resnet_medium.onnx,vnncomp2024_benchmarks/benchmarks/tinyimagenet/vnnlib/TinyImageNet_resnet_medium_prop_idx_6339_sidx_7609_eps_0.0039.vnnlib,.028261828,timeout,107.603609344
tinyimagenet,vnncomp2024_benchmarks/benchmarks/tinyimagenet/onnx/TinyImageNet_resnet_medium.onnx,vnncomp2024_benchmarks/benchmarks/tinyimagenet/vnnlib/TinyImageNet_resnet_medium_prop_idx_4389_sidx_7059_eps_0.0039.vnnlib,.028403881,timeout,107.782020560
tinyimagenet,vnncomp2024_benchmarks/benchmarks/tinyimagenet/onnx/TinyImageNet_resnet_medium.onnx,vnncomp2024_benchmarks/benchmarks/tinyimagenet/vnnlib/TinyImageNet_resnet_medium_prop_idx_6385_sidx_90_eps_0.0039.vnnlib,.028564683,timeout,107.508919586
tinyimagenet,vnncomp2024_benchmarks/benchmarks/tinyimagenet/onnx/TinyImageNet_resnet_medium.onnx,vnncomp2024_benchmarks/benchmarks/tinyimagenet/vnnlib/TinyImageNet_resnet_medium_prop_idx_8680_sidx_7647_eps_0.0039.vnnlib,.030865879,timeout,107.638704103
tinyimagenet,vnncomp2024_benchmarks/benchmarks/tinyimagenet/onnx/TinyImageNet_resnet_medium.onnx,vnncomp2024_benchmarks/benchmarks/tinyimagenet/vnnlib/TinyImageNet_resnet_medium_prop_idx_3452_sidx_862_eps_0.0039.vnnlib,.028417759,timeout,107.534779608
tinyimagenet,vnncomp2024_benchmarks/benchmarks/tinyimagenet/onnx/TinyImageNet_resnet_medium.onnx,vnncomp2024_benchmarks/benchmarks/tinyimagenet/vnnlib/TinyImageNet_resnet_medium_prop_idx_5206_sidx_1932_eps_0.0039.vnnlib,.050012064,timeout,107.605395664
tinyimagenet,vnncomp2024_benchmarks/benchmarks/tinyimagenet/onnx/TinyImageNet_resnet_medium.onnx,vnncomp2024_benchmarks/benchmarks/tinyimagenet/vnnlib/TinyImageNet_resnet_medium_prop_idx_9612_sidx_8923_eps_0.0039.vnnlib,.029558226,timeout,107.464908236
tinyimagenet,vnncomp2024_benchmarks/benchmarks/tinyimagenet/onnx/TinyImageNet_resnet_medium.onnx,vnncomp2024_benchmarks/benchmarks/tinyimagenet/vnnlib/TinyImageNet_resnet_medium_prop_idx_6931_sidx_2337_eps_0.0039.vnnlib,.030049509,timeout,107.524213679
tinyimagenet,vnncomp2024_benchmarks/benchmarks/tinyimagenet/onnx/TinyImageNet_resnet_medium.onnx,vnncomp2024_benchmarks/benchmarks/tinyimagenet/vnnlib/TinyImageNet_resnet_medium_prop_idx_1009_sidx_9780_eps_0.0039.vnnlib,.029429454,timeout,107.534102474
tinyimagenet,vnncomp2024_benchmarks/benchmarks/tinyimagenet/onnx/TinyImageNet_resnet_medium.onnx,vnncomp2024_benchmarks/benchmarks/tinyimagenet/vnnlib/TinyImageNet_resnet_medium_prop_idx_2012_sidx_2419_eps_0.0039.vnnlib,.029534728,timeout,107.484002912
tinyimagenet,vnncomp2024_benchmarks/benchmarks/tinyimagenet/onnx/TinyImageNet_resnet_medium.onnx,vnncomp2024_benchmarks/benchmarks/tinyimagenet/vnnlib/TinyImageNet_resnet_medium_prop_idx_8472_sidx_7499_eps_0.0039.vnnlib,.031791613,timeout,107.501680084
tinyimagenet,vnncomp2024_benchmarks/benchmarks/tinyimagenet/onnx/TinyImageNet_resnet_medium.onnx,vnncomp2024_benchmarks/benchmarks/tinyimagenet/vnnlib/TinyImageNet_resnet_medium_prop_idx_1134_sidx_5880_eps_0.0039.vnnlib,.029940524,timeout,107.495399684
tinyimagenet,vnncomp2024_benchmarks/benchmarks/tinyimagenet/onnx/TinyImageNet_resnet_medium.onnx,vnncomp2024_benchmarks/benchmarks/tinyimagenet/vnnlib/TinyImageNet_resnet_medium_prop_idx_1798_sidx_1061_eps_0.0039.vnnlib,.030456176,timeout,107.562019863
tinyimagenet,vnncomp2024_benchmarks/benchmarks/tinyimagenet/onnx/TinyImageNet_resnet_medium.onnx,vnncomp2024_benchmarks/benchmarks/tinyimagenet/vnnlib/TinyImageNet_resnet_medium_prop_idx_971_sidx_4800_eps_0.0039.vnnlib,.030564943,timeout,107.575274032
tinyimagenet,vnncomp2024_benchmarks/benchmarks/tinyimagenet/onnx/TinyImageNet_resnet_medium.onnx,vnncomp2024_benchmarks/benchmarks/tinyimagenet/vnnlib/TinyImageNet_resnet_medium_prop_idx_8043_sidx_500_eps_0.0039.vnnlib,.029462536,timeout,107.492276584
tinyimagenet,vnncomp2024_benchmarks/benchmarks/tinyimagenet/onnx/TinyImageNet_resnet_medium.onnx,vnncomp2024_benchmarks/benchmarks/tinyimagenet/vnnlib/TinyImageNet_resnet_medium_prop_idx_8042_sidx_9227_eps_0.0039.vnnlib,.029890972,timeout,107.417548626
tinyimagenet,vnncomp2024_benchmarks/benchmarks/tinyimagenet/onnx/TinyImageNet_resnet_medium.onnx,vnncomp2024_benchmarks/benchmarks/tinyimagenet/vnnlib/TinyImageNet_resnet_medium_prop_idx_6597_sidx_4088_eps_0.0039.vnnlib,.029896606,timeout,107.497420467
tinyimagenet,vnncomp2024_benchmarks/benchmarks/tinyimagenet/onnx/TinyImageNet_resnet_medium.onnx,vnncomp2024_benchmarks/benchmarks/tinyimagenet/vnnlib/TinyImageNet_resnet_medium_prop_idx_6923_sidx_8593_eps_0.0039.vnnlib,.030158932,timeout,107.643164114
tinyimagenet,vnncomp2024_benchmarks/benchmarks/tinyimagenet/onnx/TinyImageNet_resnet_medium.onnx,vnncomp2024_benchmarks/benchmarks/tinyimagenet/vnnlib/TinyImageNet_resnet_medium_prop_idx_9998_sidx_4182_eps_0.0039.vnnlib,.030226229,timeout,107.475310173
tinyimagenet,vnncomp2024_benchmarks/benchmarks/tinyimagenet/onnx/TinyImageNet_resnet_medium.onnx,vnncomp2024_benchmarks/benchmarks/tinyimagenet/vnnlib/TinyImageNet_resnet_medium_prop_idx_5743_sidx_6569_eps_0.0039.vnnlib,.030297171,timeout,107.606360000
tinyimagenet,vnncomp2024_benchmarks/benchmarks/tinyimagenet/onnx/TinyImageNet_resnet_medium.onnx,vnncomp2024_benchmarks/benchmarks/tinyimagenet/vnnlib/TinyImageNet_resnet_medium_prop_idx_5560_sidx_5477_eps_0.0039.vnnlib,.030132528,timeout,107.440151950
tinyimagenet,vnncomp2024_benchmarks/benchmarks/tinyimagenet/onnx/TinyImageNet_resnet_medium.onnx,vnncomp2024_benchmarks/benchmarks/tinyimagenet/vnnlib/TinyImageNet_resnet_medium_prop_idx_3071_sidx_474_eps_0.0039.vnnlib,.030475653,timeout,107.304298877
tinyimagenet,vnncomp2024_benchmarks/benchmarks/tinyimagenet/onnx/TinyImageNet_resnet_medium.onnx,vnncomp2024_benchmarks/benchmarks/tinyimagenet/vnnlib/TinyImageNet_resnet_medium_prop_idx_5676_sidx_9851_eps_0.0039.vnnlib,.030069980,timeout,107.410300672
tinyimagenet,vnncomp2024_benchmarks/benchmarks/tinyimagenet/onnx/TinyImageNet_resnet_medium.onnx,vnncomp2024_benchmarks/benchmarks/tinyimagenet/vnnlib/TinyImageNet_resnet_medium_prop_idx_9345_sidx_6696_eps_0.0039.vnnlib,.030128199,timeout,107.597737507
tinyimagenet,vnncomp2024_benchmarks/benchmarks/tinyimagenet/onnx/TinyImageNet_resnet_medium.onnx,vnncomp2024_benchmarks/benchmarks/tinyimagenet/vnnlib/TinyImageNet_resnet_medium_prop_idx_6379_sidx_4603_eps_0.0039.vnnlib,.030342694,timeout,107.502012138
tinyimagenet,vnncomp2024_benchmarks/benchmarks/tinyimagenet/onnx/TinyImageNet_resnet_medium.onnx,vnncomp2024_benchmarks/benchmarks/tinyimagenet/vnnlib/TinyImageNet_resnet_medium_prop_idx_1514_sidx_2541_eps_0.0039.vnnlib,.058042914,timeout,107.534678573
tinyimagenet,vnncomp2024_benchmarks/benchmarks/tinyimagenet/onnx/TinyImageNet_resnet_medium.onnx,vnncomp2024_benchmarks/benchmarks/tinyimagenet/vnnlib/TinyImageNet_resnet_medium_prop_idx_9483_sidx_7908_eps_0.0039.vnnlib,.028870556,timeout,107.488709188
tinyimagenet,vnncomp2024_benchmarks/benchmarks/tinyimagenet/onnx/TinyImageNet_resnet_medium.onnx,vnncomp2024_benchmarks/benchmarks/tinyimagenet/vnnlib/TinyImageNet_resnet_medium_prop_idx_9417_sidx_5438_eps_0.0039.vnnlib,.029107631,timeout,107.547553315
tinyimagenet,vnncomp2024_benchmarks/benchmarks/tinyimagenet/onnx/TinyImageNet_resnet_medium.onnx,vnncomp2024_benchmarks/benchmarks/tinyimagenet/vnnlib/TinyImageNet_resnet_medium_prop_idx_536_sidx_7699_eps_0.0039.vnnlib,.030440332,timeout,107.386898172
tinyimagenet,vnncomp2024_benchmarks/benchmarks/tinyimagenet/onnx/TinyImageNet_resnet_medium.onnx,vnncomp2024_benchmarks/benchmarks/tinyimagenet/vnnlib/TinyImageNet_resnet_medium_prop_idx_4171_sidx_705_eps_0.0039.vnnlib,.030045442,timeout,107.428294202
tinyimagenet,vnncomp2024_benchmarks/benchmarks/tinyimagenet/onnx/TinyImageNet_resnet_medium.onnx,vnncomp2024_benchmarks/benchmarks/tinyimagenet/vnnlib/TinyImageNet_resnet_medium_prop_idx_706_sidx_1037_eps_0.0039.vnnlib,.029937044,timeout,107.541671295
tinyimagenet,vnncomp2024_benchmarks/benchmarks/tinyimagenet/onnx/TinyImageNet_resnet_medium.onnx,vnncomp2024_benchmarks/benchmarks/tinyimagenet/vnnlib/TinyImageNet_resnet_medium_prop_idx_4776_sidx_19_eps_0.0039.vnnlib,.032295374,timeout,107.499673910
tinyimagenet,vnncomp2024_benchmarks/benchmarks/tinyimagenet/onnx/TinyImageNet_resnet_medium.onnx,vnncomp2024_benchmarks/benchmarks/tinyimagenet/vnnlib/TinyImageNet_resnet_medium_prop_idx_8288_sidx_307_eps_0.0039.vnnlib,.030205810,timeout,107.467105869
tinyimagenet,vnncomp2024_benchmarks/benchmarks/tinyimagenet/onnx/TinyImageNet_resnet_medium.onnx,vnncomp2024_benchmarks/benchmarks/tinyimagenet/vnnlib/TinyImageNet_resnet_medium_prop_idx_4789_sidx_8239_eps_0.0039.vnnlib,.029974954,timeout,107.510898664
tinyimagenet,vnncomp2024_benchmarks/benchmarks/tinyimagenet/onnx/TinyImageNet_resnet_medium.onnx,vnncomp2024_benchmarks/benchmarks/tinyimagenet/vnnlib/TinyImageNet_resnet_medium_prop_idx_2763_sidx_5006_eps_0.0039.vnnlib,.029861026,timeout,107.559993765
tinyimagenet,vnncomp2024_benchmarks/benchmarks/tinyimagenet/onnx/TinyImageNet_resnet_medium.onnx,vnncomp2024_benchmarks/benchmarks/tinyimagenet/vnnlib/TinyImageNet_resnet_medium_prop_idx_1760_sidx_899_eps_0.0039.vnnlib,.029431549,timeout,107.157870820
tinyimagenet,vnncomp2024_benchmarks/benchmarks/tinyimagenet/onnx/TinyImageNet_resnet_medium.onnx,vnncomp2024_benchmarks/benchmarks/tinyimagenet/vnnlib/TinyImageNet_resnet_medium_prop_idx_4407_sidx_4717_eps_0.0039.vnnlib,.030407805,timeout,107.494260710
tinyimagenet,vnncomp2024_benchmarks/benchmarks/tinyimagenet/onnx/TinyImageNet_resnet_medium.onnx,vnncomp2024_benchmarks/benchmarks/tinyimagenet/vnnlib/TinyImageNet_resnet_medium_prop_idx_568_sidx_8816_eps_0.0039.vnnlib,.029230755,timeout,107.274522174
tinyimagenet,vnncomp2024_benchmarks/benchmarks/tinyimagenet/onnx/TinyImageNet_resnet_medium.onnx,vnncomp2024_benchmarks/benchmarks/tinyimagenet/vnnlib/TinyImageNet_resnet_medium_prop_idx_1093_sidx_4490_eps_0.0039.vnnlib,.048333838,timeout,107.443476548
tinyimagenet,vnncomp2024_benchmarks/benchmarks/tinyimagenet/onnx/TinyImageNet_resnet_medium.onnx,vnncomp2024_benchmarks/benchmarks/tinyimagenet/vnnlib/TinyImageNet_resnet_medium_prop_idx_1853_sidx_6533_eps_0.0039.vnnlib,.029021881,timeout,107.370837497
tinyimagenet,vnncomp2024_benchmarks/benchmarks/tinyimagenet/onnx/TinyImageNet_resnet_medium.onnx,vnncomp2024_benchmarks/benchmarks/tinyimagenet/vnnlib/TinyImageNet_resnet_medium_prop_idx_7834_sidx_9391_eps_0.0039.vnnlib,.031283926,timeout,107.462304793
tinyimagenet,vnncomp2024_benchmarks/benchmarks/tinyimagenet/onnx/TinyImageNet_resnet_medium.onnx,vnncomp2024_benchmarks/benchmarks/tinyimagenet/vnnlib/TinyImageNet_resnet_medium_prop_idx_2936_sidx_7810_eps_0.0039.vnnlib,.030138692,timeout,107.563492457
tinyimagenet,vnncomp2024_benchmarks/benchmarks/tinyimagenet/onnx/TinyImageNet_resnet_medium.onnx,vnncomp2024_benchmarks/benchmarks/tinyimagenet/vnnlib/TinyImageNet_resnet_medium_prop_idx_4686_sidx_8792_eps_0.0039.vnnlib,.048408338,timeout,107.512200645
tinyimagenet,vnncomp2024_benchmarks/benchmarks/tinyimagenet/onnx/TinyImageNet_resnet_medium.onnx,vnncomp2024_benchmarks/benchmarks/tinyimagenet/vnnlib/TinyImageNet_resnet_medium_prop_idx_6077_sidx_9485_eps_0.0039.vnnlib,.029560572,timeout,107.413361682
tinyimagenet,vnncomp2024_benchmarks/benchmarks/tinyimagenet/onnx/TinyImageNet_resnet_medium.onnx,vnncomp2024_benchmarks/benchmarks/tinyimagenet/vnnlib/TinyImageNet_resnet_medium_prop_idx_8170_sidx_3334_eps_0.0039.vnnlib,.029668560,timeout,107.454722892
tinyimagenet,vnncomp2024_benchmarks/benchmarks/tinyimagenet/onnx/TinyImageNet_resnet_medium.onnx,vnncomp2024_benchmarks/benchmarks/tinyimagenet/vnnlib/TinyImageNet_resnet_medium_prop_idx_2823_sidx_3967_eps_0.0039.vnnlib,.030383673,timeout,107.486184514
tinyimagenet,vnncomp2024_benchmarks/benchmarks/test/test_nano.onnx,vnncomp2024_benchmarks/benchmarks/test/test_nano.vnnlib,.031998442,error_exit_code_1,9.139325502
