tinyimagenet,vnncomp2024_benchmarks/benchmarks/tinyimagenet/onnx/TinyImageNet_resnet_medium.onnx,vnncomp2024_benchmarks/benchmarks/tinyimagenet/vnnlib/TinyImageNet_resnet_medium_prop_idx_1924_sidx_6759_eps_0.0039.vnnlib,37.636245553,unknown,126.920361118
tinyimagenet,vnncomp2024_benchmarks/benchmarks/tinyimagenet/onnx/TinyImageNet_resnet_medium.onnx,vnncomp2024_benchmarks/benchmarks/tinyimagenet/vnnlib/TinyImageNet_resnet_medium_prop_idx_3866_sidx_8102_eps_0.0039.vnnlib,37.725886265,unknown,126.976043518
tinyimagenet,vnncomp2024_benchmarks/benchmarks/tinyimagenet/onnx/TinyImageNet_resnet_medium.onnx,vnncomp2024_benchmarks/benchmarks/tinyimagenet/vnnlib/TinyImageNet_resnet_medium_prop_idx_5414_sidx_1938_eps_0.0039.vnnlib,37.458953940,unknown,126.712172556
tinyimagenet,vnncomp2024_benchmarks/benchmarks/tinyimagenet/onnx/TinyImageNet_resnet_medium.onnx,vnncomp2024_benchmarks/benchmarks/tinyimagenet/vnnlib/TinyImageNet_resnet_medium_prop_idx_1617_sidx_845_eps_0.0039.vnnlib,37.223943635,unknown,125.465308814
tinyimagenet,vnncomp2024_benchmarks/benchmarks/tinyimagenet/onnx/TinyImageNet_resnet_medium.onnx,vnncomp2024_benchmarks/benchmarks/tinyimagenet/vnnlib/TinyImageNet_resnet_medium_prop_idx_9376_sidx_6124_eps_0.0039.vnnlib,36.950890350,unknown,126.670219002
tinyimagenet,vnncomp2024_benchmarks/benchmarks/tinyimagenet/onnx/TinyImageNet_resnet_medium.onnx,vnncomp2024_benchmarks/benchmarks/tinyimagenet/vnnlib/TinyImageNet_resnet_medium_prop_idx_1864_sidx_887_eps_0.0039.vnnlib,37.153979278,unknown,125.996219114
tinyimagenet,vnncomp2024_benchmarks/benchmarks/tinyimagenet/onnx/TinyImageNet_resnet_medium.onnx,vnncomp2024_benchmarks/benchmarks/tinyimagenet/vnnlib/TinyImageNet_resnet_medium_prop_idx_3944_sidx_3039_eps_0.0039.vnnlib,37.486957463,unknown,126.947150246
tinyimagenet,vnncomp2024_benchmarks/benchmarks/tinyimagenet/onnx/TinyImageNet_resnet_medium.onnx,vnncomp2024_benchmarks/benchmarks/tinyimagenet/vnnlib/TinyImageNet_resnet_medium_prop_idx_4043_sidx_9475_eps_0.0039.vnnlib,37.501081061,unknown,126.720860675
tinyimagenet,vnncomp2024_benchmarks/benchmarks/tinyimagenet/onnx/TinyImageNet_resnet_medium.onnx,vnncomp2024_benchmarks/benchmarks/tinyimagenet/vnnlib/TinyImageNet_resnet_medium_prop_idx_4863_sidx_3184_eps_0.0039.vnnlib,37.438001083,unknown,126.508814276
tinyimagenet,vnncomp2024_benchmarks/benchmarks/tinyimagenet/onnx/TinyImageNet_resnet_medium.onnx,vnncomp2024_benchmarks/benchmarks/tinyimagenet/vnnlib/TinyImageNet_resnet_medium_prop_idx_3973_sidx_9461_eps_0.0039.vnnlib,37.187335499,unknown,126.967013986
tinyimagenet,vnncomp2024_benchmarks/benchmarks/tinyimagenet/onnx/TinyImageNet_resnet_medium.onnx,vnncomp2024_benchmarks/benchmarks/tinyimagenet/vnnlib/TinyImageNet_resnet_medium_prop_idx_3113_sidx_9370_eps_0.0039.vnnlib,37.185155668,unknown,126.462329367
tinyimagenet,vnncomp2024_benchmarks/benchmarks/tinyimagenet/onnx/TinyImageNet_resnet_medium.onnx,vnncomp2024_benchmarks/benchmarks/tinyimagenet/vnnlib/TinyImageNet_resnet_medium_prop_idx_6461_sidx_2771_eps_0.0039.vnnlib,37.240411862,unknown,127.286956908
tinyimagenet,vnncomp2024_benchmarks/benchmarks/tinyimagenet/onnx/TinyImageNet_resnet_medium.onnx,vnncomp2024_benchmarks/benchmarks/tinyimagenet/vnnlib/TinyImageNet_resnet_medium_prop_idx_2211_sidx_9985_eps_0.0039.vnnlib,37.958917255,unknown,126.697712024
tinyimagenet,vnncomp2024_benchmarks/benchmarks/tinyimagenet/onnx/TinyImageNet_resnet_medium.onnx,vnncomp2024_benchmarks/benchmarks/tinyimagenet/vnnlib/TinyImageNet_resnet_medium_prop_idx_8245_sidx_4991_eps_0.0039.vnnlib,37.435978010,unknown,126.947620264
tinyimagenet,vnncomp2024_benchmarks/benchmarks/tinyimagenet/onnx/TinyImageNet_resnet_medium.onnx,vnncomp2024_benchmarks/benchmarks/tinyimagenet/vnnlib/TinyImageNet_resnet_medium_prop_idx_4109_sidx_3134_eps_0.0039.vnnlib,37.270729446,unknown,125.938675205
tinyimagenet,vnncomp2024_benchmarks/benchmarks/tinyimagenet/onnx/TinyImageNet_resnet_medium.onnx,vnncomp2024_benchmarks/benchmarks/tinyimagenet/vnnlib/TinyImageNet_resnet_medium_prop_idx_3133_sidx_2042_eps_0.0039.vnnlib,37.190609393,unknown,127.006288300
tinyimagenet,vnncomp2024_benchmarks/benchmarks/tinyimagenet/onnx/TinyImageNet_resnet_medium.onnx,vnncomp2024_benchmarks/benchmarks/tinyimagenet/vnnlib/TinyImageNet_resnet_medium_prop_idx_6017_sidx_380_eps_0.0039.vnnlib,37.499605214,unknown,125.959577153
tinyimagenet,vnncomp2024_benchmarks/benchmarks/tinyimagenet/onnx/TinyImageNet_resnet_medium.onnx,vnncomp2024_benchmarks/benchmarks/tinyimagenet/vnnlib/TinyImageNet_resnet_medium_prop_idx_3072_sidx_3250_eps_0.0039.vnnlib,37.465651183,unknown,126.997987385
tinyimagenet,vnncomp2024_benchmarks/benchmarks/tinyimagenet/onnx/TinyImageNet_resnet_medium.onnx,vnncomp2024_benchmarks/benchmarks/tinyimagenet/vnnlib/TinyImageNet_resnet_medium_prop_idx_9542_sidx_2775_eps_0.0039.vnnlib,37.245932972,unknown,125.953390104
tinyimagenet,vnncomp2024_benchmarks/benchmarks/tinyimagenet/onnx/TinyImageNet_resnet_medium.onnx,vnncomp2024_benchmarks/benchmarks/tinyimagenet/vnnlib/TinyImageNet_resnet_medium_prop_idx_762_sidx_4897_eps_0.0039.vnnlib,37.256816441,unknown,126.695877721
tinyimagenet,vnncomp2024_benchmarks/benchmarks/tinyimagenet/onnx/TinyImageNet_resnet_medium.onnx,vnncomp2024_benchmarks/benchmarks/tinyimagenet/vnnlib/TinyImageNet_resnet_medium_prop_idx_4912_sidx_9915_eps_0.0039.vnnlib,37.439490804,unknown,126.505713682
tinyimagenet,vnncomp2024_benchmarks/benchmarks/tinyimagenet/onnx/TinyImageNet_resnet_medium.onnx,vnncomp2024_benchmarks/benchmarks/tinyimagenet/vnnlib/TinyImageNet_resnet_medium_prop_idx_8213_sidx_7868_eps_0.0039.vnnlib,37.453110017,unknown,125.774335601
tinyimagenet,vnncomp2024_benchmarks/benchmarks/tinyimagenet/onnx/TinyImageNet_resnet_medium.onnx,vnncomp2024_benchmarks/benchmarks/tinyimagenet/vnnlib/TinyImageNet_resnet_medium_prop_idx_2476_sidx_1784_eps_0.0039.vnnlib,37.185649149,unknown,125.914440626
tinyimagenet,vnncomp2024_benchmarks/benchmarks/tinyimagenet/onnx/TinyImageNet_resnet_medium.onnx,vnncomp2024_benchmarks/benchmarks/tinyimagenet/vnnlib/TinyImageNet_resnet_medium_prop_idx_9569_sidx_8561_eps_0.0039.vnnlib,37.469549983,unknown,126.723629362
tinyimagenet,vnncomp2024_benchmarks/benchmarks/tinyimagenet/onnx/TinyImageNet_resnet_medium.onnx,vnncomp2024_benchmarks/benchmarks/tinyimagenet/vnnlib/TinyImageNet_resnet_medium_prop_idx_7196_sidx_2293_eps_0.0039.vnnlib,37.699532324,unknown,127.184235382
tinyimagenet,vnncomp2024_benchmarks/benchmarks/tinyimagenet/onnx/TinyImageNet_resnet_medium.onnx,vnncomp2024_benchmarks/benchmarks/tinyimagenet/vnnlib/TinyImageNet_resnet_medium_prop_idx_4880_sidx_5810_eps_0.0039.vnnlib,37.504624820,unknown,126.957357807
tinyimagenet,vnncomp2024_benchmarks/benchmarks/tinyimagenet/onnx/TinyImageNet_resnet_medium.onnx,vnncomp2024_benchmarks/benchmarks/tinyimagenet/vnnlib/TinyImageNet_resnet_medium_prop_idx_6432_sidx_7615_eps_0.0039.vnnlib,37.560247231,unknown,126.955423814
tinyimagenet,vnncomp2024_benchmarks/benchmarks/tinyimagenet/onnx/TinyImageNet_resnet_medium.onnx,vnncomp2024_benchmarks/benchmarks/tinyimagenet/vnnlib/TinyImageNet_resnet_medium_prop_idx_4329_sidx_5838_eps_0.0039.vnnlib,37.267310572,unknown,126.696509597
tinyimagenet,vnncomp2024_benchmarks/benchmarks/tinyimagenet/onnx/TinyImageNet_resnet_medium.onnx,vnncomp2024_benchmarks/benchmarks/tinyimagenet/vnnlib/TinyImageNet_resnet_medium_prop_idx_3839_sidx_962_eps_0.0039.vnnlib,37.684928336,unknown,125.460132509
tinyimagenet,vnncomp2024_benchmarks/benchmarks/tinyimagenet/onnx/TinyImageNet_resnet_medium.onnx,vnncomp2024_benchmarks/benchmarks/tinyimagenet/vnnlib/TinyImageNet_resnet_medium_prop_idx_6014_sidx_2164_eps_0.0039.vnnlib,37.675165925,unknown,125.918762093
tinyimagenet,vnncomp2024_benchmarks/benchmarks/tinyimagenet/onnx/TinyImageNet_resnet_medium.onnx,vnncomp2024_benchmarks/benchmarks/tinyimagenet/vnnlib/TinyImageNet_resnet_medium_prop_idx_9558_sidx_6082_eps_0.0039.vnnlib,37.468313056,unknown,125.982080646
tinyimagenet,vnncomp2024_benchmarks/benchmarks/tinyimagenet/onnx/TinyImageNet_resnet_medium.onnx,vnncomp2024_benchmarks/benchmarks/tinyimagenet/vnnlib/TinyImageNet_resnet_medium_prop_idx_5164_sidx_1240_eps_0.0039.vnnlib,37.219013834,unknown,126.719143858
tinyimagenet,vnncomp2024_benchmarks/benchmarks/tinyimagenet/onnx/TinyImageNet_resnet_medium.onnx,vnncomp2024_benchmarks/benchmarks/tinyimagenet/vnnlib/TinyImageNet_resnet_medium_prop_idx_2907_sidx_66_eps_0.0039.vnnlib,37.429453283,unknown,126.700591103
tinyimagenet,vnncomp2024_benchmarks/benchmarks/tinyimagenet/onnx/TinyImageNet_resnet_medium.onnx,vnncomp2024_benchmarks/benchmarks/tinyimagenet/vnnlib/TinyImageNet_resnet_medium_prop_idx_4463_sidx_4146_eps_0.0039.vnnlib,37.407734264,unknown,126.734504387
tinyimagenet,vnncomp2024_benchmarks/benchmarks/tinyimagenet/onnx/TinyImageNet_resnet_medium.onnx,vnncomp2024_benchmarks/benchmarks/tinyimagenet/vnnlib/TinyImageNet_resnet_medium_prop_idx_5184_sidx_341_eps_0.0039.vnnlib,37.236947207,unknown,126.919328201
tinyimagenet,vnncomp2024_benchmarks/benchmarks/tinyimagenet/onnx/TinyImageNet_resnet_medium.onnx,vnncomp2024_benchmarks/benchmarks/tinyimagenet/vnnlib/TinyImageNet_resnet_medium_prop_idx_9597_sidx_6636_eps_0.0039.vnnlib,37.422247755,unknown,126.939469267
tinyimagenet,vnncomp2024_benchmarks/benchmarks/tinyimagenet/onnx/TinyImageNet_resnet_medium.onnx,vnncomp2024_benchmarks/benchmarks/tinyimagenet/vnnlib/TinyImageNet_resnet_medium_prop_idx_7225_sidx_2278_eps_0.0039.vnnlib,37.469575363,unknown,126.465658309
tinyimagenet,vnncomp2024_benchmarks/benchmarks/tinyimagenet/onnx/TinyImageNet_resnet_medium.onnx,vnncomp2024_benchmarks/benchmarks/tinyimagenet/vnnlib/TinyImageNet_resnet_medium_prop_idx_5032_sidx_7113_eps_0.0039.vnnlib,37.442855733,unknown,126.966243517
tinyimagenet,vnncomp2024_benchmarks/benchmarks/tinyimagenet/onnx/TinyImageNet_resnet_medium.onnx,vnncomp2024_benchmarks/benchmarks/tinyimagenet/vnnlib/TinyImageNet_resnet_medium_prop_idx_4925_sidx_4702_eps_0.0039.vnnlib,37.970881444,unknown,125.651954006
tinyimagenet,vnncomp2024_benchmarks/benchmarks/tinyimagenet/onnx/TinyImageNet_resnet_medium.onnx,vnncomp2024_benchmarks/benchmarks/tinyimagenet/vnnlib/TinyImageNet_resnet_medium_prop_idx_9259_sidx_2193_eps_0.0039.vnnlib,37.201129393,unknown,126.917558224
tinyimagenet,vnncomp2024_benchmarks/benchmarks/tinyimagenet/onnx/TinyImageNet_resnet_medium.onnx,vnncomp2024_benchmarks/benchmarks/tinyimagenet/vnnlib/TinyImageNet_resnet_medium_prop_idx_2755_sidx_193_eps_0.0039.vnnlib,37.700518542,unknown,127.035239249
tinyimagenet,vnncomp2024_benchmarks/benchmarks/tinyimagenet/onnx/TinyImageNet_resnet_medium.onnx,vnncomp2024_benchmarks/benchmarks/tinyimagenet/vnnlib/TinyImageNet_resnet_medium_prop_idx_2899_sidx_6313_eps_0.0039.vnnlib,37.209417996,unknown,125.690489293
tinyimagenet,vnncomp2024_benchmarks/benchmarks/tinyimagenet/onnx/TinyImageNet_resnet_medium.onnx,vnncomp2024_benchmarks/benchmarks/tinyimagenet/vnnlib/TinyImageNet_resnet_medium_prop_idx_2210_sidx_992_eps_0.0039.vnnlib,37.926339069,unknown,126.178966391
tinyimagenet,vnncomp2024_benchmarks/benchmarks/tinyimagenet/onnx/TinyImageNet_resnet_medium.onnx,vnncomp2024_benchmarks/benchmarks/tinyimagenet/vnnlib/TinyImageNet_resnet_medium_prop_idx_2146_sidx_298_eps_0.0039.vnnlib,37.473969668,unknown,126.992070260
tinyimagenet,vnncomp2024_benchmarks/benchmarks/tinyimagenet/onnx/TinyImageNet_resnet_medium.onnx,vnncomp2024_benchmarks/benchmarks/tinyimagenet/vnnlib/TinyImageNet_resnet_medium_prop_idx_7538_sidx_5076_eps_0.0039.vnnlib,37.228637136,unknown,127.031843292
tinyimagenet,vnncomp2024_benchmarks/benchmarks/tinyimagenet/onnx/TinyImageNet_resnet_medium.onnx,vnncomp2024_benchmarks/benchmarks/tinyimagenet/vnnlib/TinyImageNet_resnet_medium_prop_idx_6194_sidx_6044_eps_0.0039.vnnlib,37.174329999,unknown,127.230046903
tinyimagenet,vnncomp2024_benchmarks/benchmarks/tinyimagenet/onnx/TinyImageNet_resnet_medium.onnx,vnncomp2024_benchmarks/benchmarks/tinyimagenet/vnnlib/TinyImageNet_resnet_medium_prop_idx_3307_sidx_2634_eps_0.0039.vnnlib,37.483930617,unknown,127.445976027
tinyimagenet,vnncomp2024_benchmarks/benchmarks/tinyimagenet/onnx/TinyImageNet_resnet_medium.onnx,vnncomp2024_benchmarks/benchmarks/tinyimagenet/vnnlib/TinyImageNet_resnet_medium_prop_idx_8667_sidx_4981_eps_0.0039.vnnlib,37.457347799,unknown,126.947954792
tinyimagenet,vnncomp2024_benchmarks/benchmarks/tinyimagenet/onnx/TinyImageNet_resnet_medium.onnx,vnncomp2024_benchmarks/benchmarks/tinyimagenet/vnnlib/TinyImageNet_resnet_medium_prop_idx_837_sidx_5947_eps_0.0039.vnnlib,38.231042060,unknown,126.956068649
tinyimagenet,vnncomp2024_benchmarks/benchmarks/tinyimagenet/onnx/TinyImageNet_resnet_medium.onnx,vnncomp2024_benchmarks/benchmarks/tinyimagenet/vnnlib/TinyImageNet_resnet_medium_prop_idx_4733_sidx_9708_eps_0.0039.vnnlib,37.735505256,unknown,125.956028179
tinyimagenet,vnncomp2024_benchmarks/benchmarks/tinyimagenet/onnx/TinyImageNet_resnet_medium.onnx,vnncomp2024_benchmarks/benchmarks/tinyimagenet/vnnlib/TinyImageNet_resnet_medium_prop_idx_5709_sidx_6204_eps_0.0039.vnnlib,37.232523408,unknown,126.923962195
tinyimagenet,vnncomp2024_benchmarks/benchmarks/tinyimagenet/onnx/TinyImageNet_resnet_medium.onnx,vnncomp2024_benchmarks/benchmarks/tinyimagenet/vnnlib/TinyImageNet_resnet_medium_prop_idx_5571_sidx_4595_eps_0.0039.vnnlib,37.794176035,unknown,126.934876972
tinyimagenet,vnncomp2024_benchmarks/benchmarks/tinyimagenet/onnx/TinyImageNet_resnet_medium.onnx,vnncomp2024_benchmarks/benchmarks/tinyimagenet/vnnlib/TinyImageNet_resnet_medium_prop_idx_3148_sidx_1232_eps_0.0039.vnnlib,37.186392671,unknown,126.695458344
tinyimagenet,vnncomp2024_benchmarks/benchmarks/tinyimagenet/onnx/TinyImageNet_resnet_medium.onnx,vnncomp2024_benchmarks/benchmarks/tinyimagenet/vnnlib/TinyImageNet_resnet_medium_prop_idx_236_sidx_420_eps_0.0039.vnnlib,37.472734943,unknown,126.987141028
tinyimagenet,vnncomp2024_benchmarks/benchmarks/tinyimagenet/onnx/TinyImageNet_resnet_medium.onnx,vnncomp2024_benchmarks/benchmarks/tinyimagenet/vnnlib/TinyImageNet_resnet_medium_prop_idx_1731_sidx_6691_eps_0.0039.vnnlib,37.466906290,unknown,127.310958788
tinyimagenet,vnncomp2024_benchmarks/benchmarks/tinyimagenet/onnx/TinyImageNet_resnet_medium.onnx,vnncomp2024_benchmarks/benchmarks/tinyimagenet/vnnlib/TinyImageNet_resnet_medium_prop_idx_2558_sidx_8085_eps_0.0039.vnnlib,37.407803214,unknown,126.931371038
tinyimagenet,vnncomp2024_benchmarks/benchmarks/tinyimagenet/onnx/TinyImageNet_resnet_medium.onnx,vnncomp2024_benchmarks/benchmarks/tinyimagenet/vnnlib/TinyImageNet_resnet_medium_prop_idx_6623_sidx_4316_eps_0.0039.vnnlib,37.681271461,unknown,126.956611977
tinyimagenet,vnncomp2024_benchmarks/benchmarks/tinyimagenet/onnx/TinyImageNet_resnet_medium.onnx,vnncomp2024_benchmarks/benchmarks/tinyimagenet/vnnlib/TinyImageNet_resnet_medium_prop_idx_8537_sidx_6506_eps_0.0039.vnnlib,37.999673870,unknown,127.451035300
tinyimagenet,vnncomp2024_benchmarks/benchmarks/tinyimagenet/onnx/TinyImageNet_resnet_medium.onnx,vnncomp2024_benchmarks/benchmarks/tinyimagenet/vnnlib/TinyImageNet_resnet_medium_prop_idx_110_sidx_3348_eps_0.0039.vnnlib,37.938315287,unknown,125.729416602
tinyimagenet,vnncomp2024_benchmarks/benchmarks/tinyimagenet/onnx/TinyImageNet_resnet_medium.onnx,vnncomp2024_benchmarks/benchmarks/tinyimagenet/vnnlib/TinyImageNet_resnet_medium_prop_idx_1939_sidx_6752_eps_0.0039.vnnlib,37.443352535,unknown,125.944199632
tinyimagenet,vnncomp2024_benchmarks/benchmarks/tinyimagenet/onnx/TinyImageNet_resnet_medium.onnx,vnncomp2024_benchmarks/benchmarks/tinyimagenet/vnnlib/TinyImageNet_resnet_medium_prop_idx_6800_sidx_901_eps_0.0039.vnnlib,37.703948656,unknown,126.943301900
tinyimagenet,vnncomp2024_benchmarks/benchmarks/tinyimagenet/onnx/TinyImageNet_resnet_medium.onnx,vnncomp2024_benchmarks/benchmarks/tinyimagenet/vnnlib/TinyImageNet_resnet_medium_prop_idx_9458_sidx_2592_eps_0.0039.vnnlib,37.464125589,unknown,126.478207753
tinyimagenet,vnncomp2024_benchmarks/benchmarks/tinyimagenet/onnx/TinyImageNet_resnet_medium.onnx,vnncomp2024_benchmarks/benchmarks/tinyimagenet/vnnlib/TinyImageNet_resnet_medium_prop_idx_6098_sidx_7270_eps_0.0039.vnnlib,37.431403680,unknown,126.722637306
tinyimagenet,vnncomp2024_benchmarks/benchmarks/tinyimagenet/onnx/TinyImageNet_resnet_medium.onnx,vnncomp2024_benchmarks/benchmarks/tinyimagenet/vnnlib/TinyImageNet_resnet_medium_prop_idx_410_sidx_1150_eps_0.0039.vnnlib,37.460532800,unknown,127.427292769
tinyimagenet,vnncomp2024_benchmarks/benchmarks/tinyimagenet/onnx/TinyImageNet_resnet_medium.onnx,vnncomp2024_benchmarks/benchmarks/tinyimagenet/vnnlib/TinyImageNet_resnet_medium_prop_idx_2184_sidx_9679_eps_0.0039.vnnlib,37.177808392,unknown,126.779434436
tinyimagenet,vnncomp2024_benchmarks/benchmarks/tinyimagenet/onnx/TinyImageNet_resnet_medium.onnx,vnncomp2024_benchmarks/benchmarks/tinyimagenet/vnnlib/TinyImageNet_resnet_medium_prop_idx_4477_sidx_4081_eps_0.0039.vnnlib,37.484946614,unknown,126.996448210
tinyimagenet,vnncomp2024_benchmarks/benchmarks/tinyimagenet/onnx/TinyImageNet_resnet_medium.onnx,vnncomp2024_benchmarks/benchmarks/tinyimagenet/vnnlib/TinyImageNet_resnet_medium_prop_idx_3891_sidx_62_eps_0.0039.vnnlib,37.178505053,unknown,125.926093769
tinyimagenet,vnncomp2024_benchmarks/benchmarks/tinyimagenet/onnx/TinyImageNet_resnet_medium.onnx,vnncomp2024_benchmarks/benchmarks/tinyimagenet/vnnlib/TinyImageNet_resnet_medium_prop_idx_7689_sidx_3205_eps_0.0039.vnnlib,37.230337203,unknown,125.954712963
tinyimagenet,vnncomp2024_benchmarks/benchmarks/tinyimagenet/onnx/TinyImageNet_resnet_medium.onnx,vnncomp2024_benchmarks/benchmarks/tinyimagenet/vnnlib/TinyImageNet_resnet_medium_prop_idx_8013_sidx_2238_eps_0.0039.vnnlib,37.450107978,unknown,127.016840434
tinyimagenet,vnncomp2024_benchmarks/benchmarks/tinyimagenet/onnx/TinyImageNet_resnet_medium.onnx,vnncomp2024_benchmarks/benchmarks/tinyimagenet/vnnlib/TinyImageNet_resnet_medium_prop_idx_6161_sidx_1818_eps_0.0039.vnnlib,37.937627279,unknown,127.485469870
tinyimagenet,vnncomp2024_benchmarks/benchmarks/tinyimagenet/onnx/TinyImageNet_resnet_medium.onnx,vnncomp2024_benchmarks/benchmarks/tinyimagenet/vnnlib/TinyImageNet_resnet_medium_prop_idx_8310_sidx_4525_eps_0.0039.vnnlib,37.468156770,unknown,126.914888541
tinyimagenet,vnncomp2024_benchmarks/benchmarks/tinyimagenet/onnx/TinyImageNet_resnet_medium.onnx,vnncomp2024_benchmarks/benchmarks/tinyimagenet/vnnlib/TinyImageNet_resnet_medium_prop_idx_6827_sidx_2613_eps_0.0039.vnnlib,37.939668361,unknown,126.728068237
tinyimagenet,vnncomp2024_benchmarks/benchmarks/tinyimagenet/onnx/TinyImageNet_resnet_medium.onnx,vnncomp2024_benchmarks/benchmarks/tinyimagenet/vnnlib/TinyImageNet_resnet_medium_prop_idx_4931_sidx_3891_eps_0.0039.vnnlib,37.211186012,unknown,127.031150470
tinyimagenet,vnncomp2024_benchmarks/benchmarks/tinyimagenet/onnx/TinyImageNet_resnet_medium.onnx,vnncomp2024_benchmarks/benchmarks/tinyimagenet/vnnlib/TinyImageNet_resnet_medium_prop_idx_4551_sidx_6769_eps_0.0039.vnnlib,37.249531665,unknown,126.930546819
tinyimagenet,vnncomp2024_benchmarks/benchmarks/tinyimagenet/onnx/TinyImageNet_resnet_medium.onnx,vnncomp2024_benchmarks/benchmarks/tinyimagenet/vnnlib/TinyImageNet_resnet_medium_prop_idx_1983_sidx_1459_eps_0.0039.vnnlib,37.215645626,unknown,125.670556205
tinyimagenet,vnncomp2024_benchmarks/benchmarks/tinyimagenet/onnx/TinyImageNet_resnet_medium.onnx,vnncomp2024_benchmarks/benchmarks/tinyimagenet/vnnlib/TinyImageNet_resnet_medium_prop_idx_7277_sidx_8835_eps_0.0039.vnnlib,37.171691491,unknown,126.981603029
tinyimagenet,vnncomp2024_benchmarks/benchmarks/tinyimagenet/onnx/TinyImageNet_resnet_medium.onnx,vnncomp2024_benchmarks/benchmarks/tinyimagenet/vnnlib/TinyImageNet_resnet_medium_prop_idx_3834_sidx_8866_eps_0.0039.vnnlib,37.445538819,unknown,127.000037391
tinyimagenet,vnncomp2024_benchmarks/benchmarks/tinyimagenet/onnx/TinyImageNet_resnet_medium.onnx,vnncomp2024_benchmarks/benchmarks/tinyimagenet/vnnlib/TinyImageNet_resnet_medium_prop_idx_3018_sidx_1546_eps_0.0039.vnnlib,37.449848360,unknown,125.503222921
tinyimagenet,vnncomp2024_benchmarks/benchmarks/tinyimagenet/onnx/TinyImageNet_resnet_medium.onnx,vnncomp2024_benchmarks/benchmarks/tinyimagenet/vnnlib/TinyImageNet_resnet_medium_prop_idx_1578_sidx_7829_eps_0.0039.vnnlib,37.460696157,unknown,126.945285739
tinyimagenet,vnncomp2024_benchmarks/benchmarks/tinyimagenet/onnx/TinyImageNet_resnet_medium.onnx,vnncomp2024_benchmarks/benchmarks/tinyimagenet/vnnlib/TinyImageNet_resnet_medium_prop_idx_9419_sidx_9984_eps_0.0039.vnnlib,37.210097489,unknown,126.673410488
tinyimagenet,vnncomp2024_benchmarks/benchmarks/tinyimagenet/onnx/TinyImageNet_resnet_medium.onnx,vnncomp2024_benchmarks/benchmarks/tinyimagenet/vnnlib/TinyImageNet_resnet_medium_prop_idx_962_sidx_2870_eps_0.0039.vnnlib,37.698745578,unknown,126.681917944
tinyimagenet,vnncomp2024_benchmarks/benchmarks/tinyimagenet/onnx/TinyImageNet_resnet_medium.onnx,vnncomp2024_benchmarks/benchmarks/tinyimagenet/vnnlib/TinyImageNet_resnet_medium_prop_idx_336_sidx_2254_eps_0.0039.vnnlib,37.718074209,unknown,127.057280549
tinyimagenet,vnncomp2024_benchmarks/benchmarks/tinyimagenet/onnx/TinyImageNet_resnet_medium.onnx,vnncomp2024_benchmarks/benchmarks/tinyimagenet/vnnlib/TinyImageNet_resnet_medium_prop_idx_7187_sidx_4191_eps_0.0039.vnnlib,37.211263250,unknown,127.020264113
tinyimagenet,vnncomp2024_benchmarks/benchmarks/tinyimagenet/onnx/TinyImageNet_resnet_medium.onnx,vnncomp2024_benchmarks/benchmarks/tinyimagenet/vnnlib/TinyImageNet_resnet_medium_prop_idx_6471_sidx_5357_eps_0.0039.vnnlib,37.447241450,unknown,126.971404973
tinyimagenet,vnncomp2024_benchmarks/benchmarks/tinyimagenet/onnx/TinyImageNet_resnet_medium.onnx,vnncomp2024_benchmarks/benchmarks/tinyimagenet/vnnlib/TinyImageNet_resnet_medium_prop_idx_3115_sidx_671_eps_0.0039.vnnlib,37.168198462,unknown,126.711438866
tinyimagenet,vnncomp2024_benchmarks/benchmarks/tinyimagenet/onnx/TinyImageNet_resnet_medium.onnx,vnncomp2024_benchmarks/benchmarks/tinyimagenet/vnnlib/TinyImageNet_resnet_medium_prop_idx_2711_sidx_1466_eps_0.0039.vnnlib,37.463480609,unknown,126.930522451
tinyimagenet,vnncomp2024_benchmarks/benchmarks/tinyimagenet/onnx/TinyImageNet_resnet_medium.onnx,vnncomp2024_benchmarks/benchmarks/tinyimagenet/vnnlib/TinyImageNet_resnet_medium_prop_idx_1733_sidx_5415_eps_0.0039.vnnlib,37.199002964,unknown,126.745177212
tinyimagenet,vnncomp2024_benchmarks/benchmarks/tinyimagenet/onnx/TinyImageNet_resnet_medium.onnx,vnncomp2024_benchmarks/benchmarks/tinyimagenet/vnnlib/TinyImageNet_resnet_medium_prop_idx_1550_sidx_7671_eps_0.0039.vnnlib,37.683374802,unknown,126.978332909
tinyimagenet,vnncomp2024_benchmarks/benchmarks/tinyimagenet/onnx/TinyImageNet_resnet_medium.onnx,vnncomp2024_benchmarks/benchmarks/tinyimagenet/vnnlib/TinyImageNet_resnet_medium_prop_idx_3373_sidx_5926_eps_0.0039.vnnlib,37.187323525,unknown,126.928257827
tinyimagenet,vnncomp2024_benchmarks/benchmarks/tinyimagenet/onnx/TinyImageNet_resnet_medium.onnx,vnncomp2024_benchmarks/benchmarks/tinyimagenet/vnnlib/TinyImageNet_resnet_medium_prop_idx_1417_sidx_8632_eps_0.0039.vnnlib,37.247109526,unknown,126.476384182
tinyimagenet,vnncomp2024_benchmarks/benchmarks/tinyimagenet/onnx/TinyImageNet_resnet_medium.onnx,vnncomp2024_benchmarks/benchmarks/tinyimagenet/vnnlib/TinyImageNet_resnet_medium_prop_idx_9600_sidx_3536_eps_0.0039.vnnlib,37.475896854,unknown,126.988385321
tinyimagenet,vnncomp2024_benchmarks/benchmarks/tinyimagenet/onnx/TinyImageNet_resnet_medium.onnx,vnncomp2024_benchmarks/benchmarks/tinyimagenet/vnnlib/TinyImageNet_resnet_medium_prop_idx_4572_sidx_2108_eps_0.0039.vnnlib,37.461295105,unknown,126.930986081
tinyimagenet,vnncomp2024_benchmarks/benchmarks/tinyimagenet/onnx/TinyImageNet_resnet_medium.onnx,vnncomp2024_benchmarks/benchmarks/tinyimagenet/vnnlib/TinyImageNet_resnet_medium_prop_idx_2053_sidx_9323_eps_0.0039.vnnlib,37.191693827,unknown,127.169991417
tinyimagenet,vnncomp2024_benchmarks/benchmarks/tinyimagenet/onnx/TinyImageNet_resnet_medium.onnx,vnncomp2024_benchmarks/benchmarks/tinyimagenet/vnnlib/TinyImageNet_resnet_medium_prop_idx_6147_sidx_35_eps_0.0039.vnnlib,37.246954025,unknown,126.932004561
tinyimagenet,vnncomp2024_benchmarks/benchmarks/tinyimagenet/onnx/TinyImageNet_resnet_medium.onnx,vnncomp2024_benchmarks/benchmarks/tinyimagenet/vnnlib/TinyImageNet_resnet_medium_prop_idx_1986_sidx_9516_eps_0.0039.vnnlib,37.699227425,unknown,126.693406769
tinyimagenet,vnncomp2024_benchmarks/benchmarks/tinyimagenet/onnx/TinyImageNet_resnet_medium.onnx,vnncomp2024_benchmarks/benchmarks/tinyimagenet/vnnlib/TinyImageNet_resnet_medium_prop_idx_6755_sidx_2653_eps_0.0039.vnnlib,37.489416116,unknown,125.730678459
tinyimagenet,vnncomp2024_benchmarks/benchmarks/tinyimagenet/onnx/TinyImageNet_resnet_medium.onnx,vnncomp2024_benchmarks/benchmarks/tinyimagenet/vnnlib/TinyImageNet_resnet_medium_prop_idx_5982_sidx_4177_eps_0.0039.vnnlib,37.515188158,unknown,126.393951513
tinyimagenet,vnncomp2024_benchmarks/benchmarks/tinyimagenet/onnx/TinyImageNet_resnet_medium.onnx,vnncomp2024_benchmarks/benchmarks/tinyimagenet/vnnlib/TinyImageNet_resnet_medium_prop_idx_7193_sidx_3486_eps_0.0039.vnnlib,37.513205602,unknown,125.967435852
tinyimagenet,vnncomp2024_benchmarks/benchmarks/tinyimagenet/onnx/TinyImageNet_resnet_medium.onnx,vnncomp2024_benchmarks/benchmarks/tinyimagenet/vnnlib/TinyImageNet_resnet_medium_prop_idx_9013_sidx_9657_eps_0.0039.vnnlib,37.134057911,unknown,126.432648327
tinyimagenet,vnncomp2024_benchmarks/benchmarks/tinyimagenet/onnx/TinyImageNet_resnet_medium.onnx,vnncomp2024_benchmarks/benchmarks/tinyimagenet/vnnlib/TinyImageNet_resnet_medium_prop_idx_1058_sidx_5209_eps_0.0039.vnnlib,37.727013946,unknown,127.075660767
tinyimagenet,vnncomp2024_benchmarks/benchmarks/tinyimagenet/onnx/TinyImageNet_resnet_medium.onnx,vnncomp2024_benchmarks/benchmarks/tinyimagenet/vnnlib/TinyImageNet_resnet_medium_prop_idx_8186_sidx_1858_eps_0.0039.vnnlib,37.174574126,unknown,126.721142190
tinyimagenet,vnncomp2024_benchmarks/benchmarks/tinyimagenet/onnx/TinyImageNet_resnet_medium.onnx,vnncomp2024_benchmarks/benchmarks/tinyimagenet/vnnlib/TinyImageNet_resnet_medium_prop_idx_6628_sidx_8822_eps_0.0039.vnnlib,37.172383103,unknown,126.482394424
tinyimagenet,vnncomp2024_benchmarks/benchmarks/tinyimagenet/onnx/TinyImageNet_resnet_medium.onnx,vnncomp2024_benchmarks/benchmarks/tinyimagenet/vnnlib/TinyImageNet_resnet_medium_prop_idx_7078_sidx_5928_eps_0.0039.vnnlib,37.523301610,unknown,126.965755015
tinyimagenet,vnncomp2024_benchmarks/benchmarks/tinyimagenet/onnx/TinyImageNet_resnet_medium.onnx,vnncomp2024_benchmarks/benchmarks/tinyimagenet/vnnlib/TinyImageNet_resnet_medium_prop_idx_4945_sidx_4616_eps_0.0039.vnnlib,37.215250573,unknown,126.977945190
tinyimagenet,vnncomp2024_benchmarks/benchmarks/tinyimagenet/onnx/TinyImageNet_resnet_medium.onnx,vnncomp2024_benchmarks/benchmarks/tinyimagenet/vnnlib/TinyImageNet_resnet_medium_prop_idx_7575_sidx_6502_eps_0.0039.vnnlib,37.461987762,unknown,125.700412589
tinyimagenet,vnncomp2024_benchmarks/benchmarks/tinyimagenet/onnx/TinyImageNet_resnet_medium.onnx,vnncomp2024_benchmarks/benchmarks/tinyimagenet/vnnlib/TinyImageNet_resnet_medium_prop_idx_1175_sidx_7775_eps_0.0039.vnnlib,37.470799694,unknown,126.709103918
tinyimagenet,vnncomp2024_benchmarks/benchmarks/tinyimagenet/onnx/TinyImageNet_resnet_medium.onnx,vnncomp2024_benchmarks/benchmarks/tinyimagenet/vnnlib/TinyImageNet_resnet_medium_prop_idx_2212_sidx_6450_eps_0.0039.vnnlib,37.232433346,unknown,127.033155389
tinyimagenet,vnncomp2024_benchmarks/benchmarks/tinyimagenet/onnx/TinyImageNet_resnet_medium.onnx,vnncomp2024_benchmarks/benchmarks/tinyimagenet/vnnlib/TinyImageNet_resnet_medium_prop_idx_2159_sidx_9504_eps_0.0039.vnnlib,37.189339668,unknown,126.689908523
tinyimagenet,vnncomp2024_benchmarks/benchmarks/tinyimagenet/onnx/TinyImageNet_resnet_medium.onnx,vnncomp2024_benchmarks/benchmarks/tinyimagenet/vnnlib/TinyImageNet_resnet_medium_prop_idx_5440_sidx_1808_eps_0.0039.vnnlib,37.498574159,unknown,125.974809644
tinyimagenet,vnncomp2024_benchmarks/benchmarks/tinyimagenet/onnx/TinyImageNet_resnet_medium.onnx,vnncomp2024_benchmarks/benchmarks/tinyimagenet/vnnlib/TinyImageNet_resnet_medium_prop_idx_4086_sidx_4548_eps_0.0039.vnnlib,37.715622692,unknown,126.229888962
tinyimagenet,vnncomp2024_benchmarks/benchmarks/tinyimagenet/onnx/TinyImageNet_resnet_medium.onnx,vnncomp2024_benchmarks/benchmarks/tinyimagenet/vnnlib/TinyImageNet_resnet_medium_prop_idx_4057_sidx_8514_eps_0.0039.vnnlib,37.503537886,unknown,126.690250534
tinyimagenet,vnncomp2024_benchmarks/benchmarks/tinyimagenet/onnx/TinyImageNet_resnet_medium.onnx,vnncomp2024_benchmarks/benchmarks/tinyimagenet/vnnlib/TinyImageNet_resnet_medium_prop_idx_233_sidx_127_eps_0.0039.vnnlib,37.435873649,unknown,126.451153570
tinyimagenet,vnncomp2024_benchmarks/benchmarks/tinyimagenet/onnx/TinyImageNet_resnet_medium.onnx,vnncomp2024_benchmarks/benchmarks/tinyimagenet/vnnlib/TinyImageNet_resnet_medium_prop_idx_7583_sidx_4674_eps_0.0039.vnnlib,37.472812632,sat,18.514424525
tinyimagenet,vnncomp2024_benchmarks/benchmarks/tinyimagenet/onnx/TinyImageNet_resnet_medium.onnx,vnncomp2024_benchmarks/benchmarks/tinyimagenet/vnnlib/TinyImageNet_resnet_medium_prop_idx_9595_sidx_2951_eps_0.0039.vnnlib,37.205267042,unknown,127.267757882
tinyimagenet,vnncomp2024_benchmarks/benchmarks/tinyimagenet/onnx/TinyImageNet_resnet_medium.onnx,vnncomp2024_benchmarks/benchmarks/tinyimagenet/vnnlib/TinyImageNet_resnet_medium_prop_idx_5232_sidx_8001_eps_0.0039.vnnlib,37.741755390,unknown,126.698124604
tinyimagenet,vnncomp2024_benchmarks/benchmarks/tinyimagenet/onnx/TinyImageNet_resnet_medium.onnx,vnncomp2024_benchmarks/benchmarks/tinyimagenet/vnnlib/TinyImageNet_resnet_medium_prop_idx_1411_sidx_3601_eps_0.0039.vnnlib,37.497608118,unknown,126.685126841
tinyimagenet,vnncomp2024_benchmarks/benchmarks/tinyimagenet/onnx/TinyImageNet_resnet_medium.onnx,vnncomp2024_benchmarks/benchmarks/tinyimagenet/vnnlib/TinyImageNet_resnet_medium_prop_idx_7209_sidx_9753_eps_0.0039.vnnlib,37.488454574,unknown,127.010361981
tinyimagenet,vnncomp2024_benchmarks/benchmarks/tinyimagenet/onnx/TinyImageNet_resnet_medium.onnx,vnncomp2024_benchmarks/benchmarks/tinyimagenet/vnnlib/TinyImageNet_resnet_medium_prop_idx_2820_sidx_1334_eps_0.0039.vnnlib,37.242926781,unknown,127.234862760
tinyimagenet,vnncomp2024_benchmarks/benchmarks/tinyimagenet/onnx/TinyImageNet_resnet_medium.onnx,vnncomp2024_benchmarks/benchmarks/tinyimagenet/vnnlib/TinyImageNet_resnet_medium_prop_idx_2908_sidx_3802_eps_0.0039.vnnlib,37.462139984,unknown,125.985586894
tinyimagenet,vnncomp2024_benchmarks/benchmarks/tinyimagenet/onnx/TinyImageNet_resnet_medium.onnx,vnncomp2024_benchmarks/benchmarks/tinyimagenet/vnnlib/TinyImageNet_resnet_medium_prop_idx_2483_sidx_173_eps_0.0039.vnnlib,37.456515309,sat,18.523694651
tinyimagenet,vnncomp2024_benchmarks/benchmarks/tinyimagenet/onnx/TinyImageNet_resnet_medium.onnx,vnncomp2024_benchmarks/benchmarks/tinyimagenet/vnnlib/TinyImageNet_resnet_medium_prop_idx_2614_sidx_8153_eps_0.0039.vnnlib,37.446130514,unknown,126.947143686
tinyimagenet,vnncomp2024_benchmarks/benchmarks/tinyimagenet/onnx/TinyImageNet_resnet_medium.onnx,vnncomp2024_benchmarks/benchmarks/tinyimagenet/vnnlib/TinyImageNet_resnet_medium_prop_idx_5095_sidx_8655_eps_0.0039.vnnlib,37.425306511,unknown,125.953035217
tinyimagenet,vnncomp2024_benchmarks/benchmarks/tinyimagenet/onnx/TinyImageNet_resnet_medium.onnx,vnncomp2024_benchmarks/benchmarks/tinyimagenet/vnnlib/TinyImageNet_resnet_medium_prop_idx_1359_sidx_7221_eps_0.0039.vnnlib,37.417678212,unknown,126.898066532
tinyimagenet,vnncomp2024_benchmarks/benchmarks/tinyimagenet/onnx/TinyImageNet_resnet_medium.onnx,vnncomp2024_benchmarks/benchmarks/tinyimagenet/vnnlib/TinyImageNet_resnet_medium_prop_idx_321_sidx_2596_eps_0.0039.vnnlib,37.441071360,unknown,126.948604986
tinyimagenet,vnncomp2024_benchmarks/benchmarks/tinyimagenet/onnx/TinyImageNet_resnet_medium.onnx,vnncomp2024_benchmarks/benchmarks/tinyimagenet/vnnlib/TinyImageNet_resnet_medium_prop_idx_6228_sidx_7979_eps_0.0039.vnnlib,37.711558580,unknown,126.737753737
tinyimagenet,vnncomp2024_benchmarks/benchmarks/tinyimagenet/onnx/TinyImageNet_resnet_medium.onnx,vnncomp2024_benchmarks/benchmarks/tinyimagenet/vnnlib/TinyImageNet_resnet_medium_prop_idx_4709_sidx_8110_eps_0.0039.vnnlib,37.493612175,unknown,126.712082201
tinyimagenet,vnncomp2024_benchmarks/benchmarks/tinyimagenet/onnx/TinyImageNet_resnet_medium.onnx,vnncomp2024_benchmarks/benchmarks/tinyimagenet/vnnlib/TinyImageNet_resnet_medium_prop_idx_270_sidx_5414_eps_0.0039.vnnlib,37.199936245,unknown,127.182252207
tinyimagenet,vnncomp2024_benchmarks/benchmarks/tinyimagenet/onnx/TinyImageNet_resnet_medium.onnx,vnncomp2024_benchmarks/benchmarks/tinyimagenet/vnnlib/TinyImageNet_resnet_medium_prop_idx_7109_sidx_4074_eps_0.0039.vnnlib,37.304909976,unknown,126.678720475
tinyimagenet,vnncomp2024_benchmarks/benchmarks/tinyimagenet/onnx/TinyImageNet_resnet_medium.onnx,vnncomp2024_benchmarks/benchmarks/tinyimagenet/vnnlib/TinyImageNet_resnet_medium_prop_idx_782_sidx_6135_eps_0.0039.vnnlib,37.433618256,unknown,125.440129742
tinyimagenet,vnncomp2024_benchmarks/benchmarks/tinyimagenet/onnx/TinyImageNet_resnet_medium.onnx,vnncomp2024_benchmarks/benchmarks/tinyimagenet/vnnlib/TinyImageNet_resnet_medium_prop_idx_7564_sidx_5708_eps_0.0039.vnnlib,37.161571297,unknown,126.959739973
tinyimagenet,vnncomp2024_benchmarks/benchmarks/tinyimagenet/onnx/TinyImageNet_resnet_medium.onnx,vnncomp2024_benchmarks/benchmarks/tinyimagenet/vnnlib/TinyImageNet_resnet_medium_prop_idx_5591_sidx_6464_eps_0.0039.vnnlib,37.437881663,unknown,126.454990007
tinyimagenet,vnncomp2024_benchmarks/benchmarks/tinyimagenet/onnx/TinyImageNet_resnet_medium.onnx,vnncomp2024_benchmarks/benchmarks/tinyimagenet/vnnlib/TinyImageNet_resnet_medium_prop_idx_5673_sidx_6615_eps_0.0039.vnnlib,37.701478458,unknown,126.698306284
tinyimagenet,vnncomp2024_benchmarks/benchmarks/tinyimagenet/onnx/TinyImageNet_resnet_medium.onnx,vnncomp2024_benchmarks/benchmarks/tinyimagenet/vnnlib/TinyImageNet_resnet_medium_prop_idx_4726_sidx_5177_eps_0.0039.vnnlib,37.657109108,unknown,126.909720932
tinyimagenet,vnncomp2024_benchmarks/benchmarks/tinyimagenet/onnx/TinyImageNet_resnet_medium.onnx,vnncomp2024_benchmarks/benchmarks/tinyimagenet/vnnlib/TinyImageNet_resnet_medium_prop_idx_3798_sidx_3627_eps_0.0039.vnnlib,37.246040726,unknown,125.697944070
tinyimagenet,vnncomp2024_benchmarks/benchmarks/tinyimagenet/onnx/TinyImageNet_resnet_medium.onnx,vnncomp2024_benchmarks/benchmarks/tinyimagenet/vnnlib/TinyImageNet_resnet_medium_prop_idx_5216_sidx_9450_eps_0.0039.vnnlib,37.425692086,unknown,126.951347791
tinyimagenet,vnncomp2024_benchmarks/benchmarks/tinyimagenet/onnx/TinyImageNet_resnet_medium.onnx,vnncomp2024_benchmarks/benchmarks/tinyimagenet/vnnlib/TinyImageNet_resnet_medium_prop_idx_3437_sidx_2708_eps_0.0039.vnnlib,37.458981721,unknown,124.668869225
tinyimagenet,vnncomp2024_benchmarks/benchmarks/tinyimagenet/onnx/TinyImageNet_resnet_medium.onnx,vnncomp2024_benchmarks/benchmarks/tinyimagenet/vnnlib/TinyImageNet_resnet_medium_prop_idx_2448_sidx_6943_eps_0.0039.vnnlib,37.453287551,unknown,126.941279334
tinyimagenet,vnncomp2024_benchmarks/benchmarks/tinyimagenet/onnx/TinyImageNet_resnet_medium.onnx,vnncomp2024_benchmarks/benchmarks/tinyimagenet/vnnlib/TinyImageNet_resnet_medium_prop_idx_57_sidx_9858_eps_0.0039.vnnlib,37.433600351,unknown,127.205937765
tinyimagenet,vnncomp2024_benchmarks/benchmarks/tinyimagenet/onnx/TinyImageNet_resnet_medium.onnx,vnncomp2024_benchmarks/benchmarks/tinyimagenet/vnnlib/TinyImageNet_resnet_medium_prop_idx_7856_sidx_8402_eps_0.0039.vnnlib,37.520735072,unknown,126.925469858
tinyimagenet,vnncomp2024_benchmarks/benchmarks/tinyimagenet/onnx/TinyImageNet_resnet_medium.onnx,vnncomp2024_benchmarks/benchmarks/tinyimagenet/vnnlib/TinyImageNet_resnet_medium_prop_idx_1933_sidx_9361_eps_0.0039.vnnlib,37.472089878,unknown,127.229818646
tinyimagenet,vnncomp2024_benchmarks/benchmarks/tinyimagenet/onnx/TinyImageNet_resnet_medium.onnx,vnncomp2024_benchmarks/benchmarks/tinyimagenet/vnnlib/TinyImageNet_resnet_medium_prop_idx_6391_sidx_336_eps_0.0039.vnnlib,37.238664489,unknown,126.971359846
tinyimagenet,vnncomp2024_benchmarks/benchmarks/tinyimagenet/onnx/TinyImageNet_resnet_medium.onnx,vnncomp2024_benchmarks/benchmarks/tinyimagenet/vnnlib/TinyImageNet_resnet_medium_prop_idx_6397_sidx_4408_eps_0.0039.vnnlib,37.478324888,unknown,125.982037246
tinyimagenet,vnncomp2024_benchmarks/benchmarks/tinyimagenet/onnx/TinyImageNet_resnet_medium.onnx,vnncomp2024_benchmarks/benchmarks/tinyimagenet/vnnlib/TinyImageNet_resnet_medium_prop_idx_1923_sidx_9398_eps_0.0039.vnnlib,37.468576272,unknown,126.802151737
tinyimagenet,vnncomp2024_benchmarks/benchmarks/tinyimagenet/onnx/TinyImageNet_resnet_medium.onnx,vnncomp2024_benchmarks/benchmarks/tinyimagenet/vnnlib/TinyImageNet_resnet_medium_prop_idx_7709_sidx_8188_eps_0.0039.vnnlib,37.245199887,unknown,126.992228757
tinyimagenet,vnncomp2024_benchmarks/benchmarks/tinyimagenet/onnx/TinyImageNet_resnet_medium.onnx,vnncomp2024_benchmarks/benchmarks/tinyimagenet/vnnlib/TinyImageNet_resnet_medium_prop_idx_4087_sidx_6984_eps_0.0039.vnnlib,37.941552255,unknown,126.951730904
tinyimagenet,vnncomp2024_benchmarks/benchmarks/tinyimagenet/onnx/TinyImageNet_resnet_medium.onnx,vnncomp2024_benchmarks/benchmarks/tinyimagenet/vnnlib/TinyImageNet_resnet_medium_prop_idx_1527_sidx_2130_eps_0.0039.vnnlib,37.201962473,unknown,127.011970462
tinyimagenet,vnncomp2024_benchmarks/benchmarks/tinyimagenet/onnx/TinyImageNet_resnet_medium.onnx,vnncomp2024_benchmarks/benchmarks/tinyimagenet/vnnlib/TinyImageNet_resnet_medium_prop_idx_7946_sidx_1068_eps_0.0039.vnnlib,37.217148806,unknown,127.197530500
tinyimagenet,vnncomp2024_benchmarks/benchmarks/tinyimagenet/onnx/TinyImageNet_resnet_medium.onnx,vnncomp2024_benchmarks/benchmarks/tinyimagenet/vnnlib/TinyImageNet_resnet_medium_prop_idx_9871_sidx_3794_eps_0.0039.vnnlib,37.212197818,unknown,126.943364562
tinyimagenet,vnncomp2024_benchmarks/benchmarks/tinyimagenet/onnx/TinyImageNet_resnet_medium.onnx,vnncomp2024_benchmarks/benchmarks/tinyimagenet/vnnlib/TinyImageNet_resnet_medium_prop_idx_8524_sidx_7247_eps_0.0039.vnnlib,37.158449581,unknown,127.221378270
tinyimagenet,vnncomp2024_benchmarks/benchmarks/tinyimagenet/onnx/TinyImageNet_resnet_medium.onnx,vnncomp2024_benchmarks/benchmarks/tinyimagenet/vnnlib/TinyImageNet_resnet_medium_prop_idx_4213_sidx_1247_eps_0.0039.vnnlib,37.274381049,unknown,125.701662834
tinyimagenet,vnncomp2024_benchmarks/benchmarks/tinyimagenet/onnx/TinyImageNet_resnet_medium.onnx,vnncomp2024_benchmarks/benchmarks/tinyimagenet/vnnlib/TinyImageNet_resnet_medium_prop_idx_6412_sidx_6140_eps_0.0039.vnnlib,37.428535465,unknown,125.709984166
tinyimagenet,vnncomp2024_benchmarks/benchmarks/tinyimagenet/onnx/TinyImageNet_resnet_medium.onnx,vnncomp2024_benchmarks/benchmarks/tinyimagenet/vnnlib/TinyImageNet_resnet_medium_prop_idx_275_sidx_6332_eps_0.0039.vnnlib,37.179578349,unknown,126.973930911
tinyimagenet,vnncomp2024_benchmarks/benchmarks/tinyimagenet/onnx/TinyImageNet_resnet_medium.onnx,vnncomp2024_benchmarks/benchmarks/tinyimagenet/vnnlib/TinyImageNet_resnet_medium_prop_idx_484_sidx_161_eps_0.0039.vnnlib,37.169348882,unknown,126.709077800
tinyimagenet,vnncomp2024_benchmarks/benchmarks/tinyimagenet/onnx/TinyImageNet_resnet_medium.onnx,vnncomp2024_benchmarks/benchmarks/tinyimagenet/vnnlib/TinyImageNet_resnet_medium_prop_idx_3275_sidx_6624_eps_0.0039.vnnlib,37.414495043,unknown,126.952884062
tinyimagenet,vnncomp2024_benchmarks/benchmarks/tinyimagenet/onnx/TinyImageNet_resnet_medium.onnx,vnncomp2024_benchmarks/benchmarks/tinyimagenet/vnnlib/TinyImageNet_resnet_medium_prop_idx_6339_sidx_7609_eps_0.0039.vnnlib,37.493529776,unknown,125.959053927
tinyimagenet,vnncomp2024_benchmarks/benchmarks/tinyimagenet/onnx/TinyImageNet_resnet_medium.onnx,vnncomp2024_benchmarks/benchmarks/tinyimagenet/vnnlib/TinyImageNet_resnet_medium_prop_idx_4389_sidx_7059_eps_0.0039.vnnlib,37.435995741,unknown,127.313256362
tinyimagenet,vnncomp2024_benchmarks/benchmarks/tinyimagenet/onnx/TinyImageNet_resnet_medium.onnx,vnncomp2024_benchmarks/benchmarks/tinyimagenet/vnnlib/TinyImageNet_resnet_medium_prop_idx_6385_sidx_90_eps_0.0039.vnnlib,37.485600862,unknown,126.705400109
tinyimagenet,vnncomp2024_benchmarks/benchmarks/tinyimagenet/onnx/TinyImageNet_resnet_medium.onnx,vnncomp2024_benchmarks/benchmarks/tinyimagenet/vnnlib/TinyImageNet_resnet_medium_prop_idx_8680_sidx_7647_eps_0.0039.vnnlib,37.185944423,unknown,126.631435491
tinyimagenet,vnncomp2024_benchmarks/benchmarks/tinyimagenet/onnx/TinyImageNet_resnet_medium.onnx,vnncomp2024_benchmarks/benchmarks/tinyimagenet/vnnlib/TinyImageNet_resnet_medium_prop_idx_3452_sidx_862_eps_0.0039.vnnlib,37.431623378,unknown,126.994563652
tinyimagenet,vnncomp2024_benchmarks/benchmarks/tinyimagenet/onnx/TinyImageNet_resnet_medium.onnx,vnncomp2024_benchmarks/benchmarks/tinyimagenet/vnnlib/TinyImageNet_resnet_medium_prop_idx_5206_sidx_1932_eps_0.0039.vnnlib,37.177180248,unknown,126.976429122
tinyimagenet,vnncomp2024_benchmarks/benchmarks/tinyimagenet/onnx/TinyImageNet_resnet_medium.onnx,vnncomp2024_benchmarks/benchmarks/tinyimagenet/vnnlib/TinyImageNet_resnet_medium_prop_idx_9612_sidx_8923_eps_0.0039.vnnlib,37.506165354,unknown,127.236226319
tinyimagenet,vnncomp2024_benchmarks/benchmarks/tinyimagenet/onnx/TinyImageNet_resnet_medium.onnx,vnncomp2024_benchmarks/benchmarks/tinyimagenet/vnnlib/TinyImageNet_resnet_medium_prop_idx_6931_sidx_2337_eps_0.0039.vnnlib,37.208486121,unknown,126.210964810
tinyimagenet,vnncomp2024_benchmarks/benchmarks/tinyimagenet/onnx/TinyImageNet_resnet_medium.onnx,vnncomp2024_benchmarks/benchmarks/tinyimagenet/vnnlib/TinyImageNet_resnet_medium_prop_idx_1009_sidx_9780_eps_0.0039.vnnlib,37.265653672,unknown,126.699369639
tinyimagenet,vnncomp2024_benchmarks/benchmarks/tinyimagenet/onnx/TinyImageNet_resnet_medium.onnx,vnncomp2024_benchmarks/benchmarks/tinyimagenet/vnnlib/TinyImageNet_resnet_medium_prop_idx_2012_sidx_2419_eps_0.0039.vnnlib,37.207498636,unknown,126.233720504
tinyimagenet,vnncomp2024_benchmarks/benchmarks/tinyimagenet/onnx/TinyImageNet_resnet_medium.onnx,vnncomp2024_benchmarks/benchmarks/tinyimagenet/vnnlib/TinyImageNet_resnet_medium_prop_idx_8472_sidx_7499_eps_0.0039.vnnlib,37.696454197,unknown,126.699442720
tinyimagenet,vnncomp2024_benchmarks/benchmarks/tinyimagenet/onnx/TinyImageNet_resnet_medium.onnx,vnncomp2024_benchmarks/benchmarks/tinyimagenet/vnnlib/TinyImageNet_resnet_medium_prop_idx_1134_sidx_5880_eps_0.0039.vnnlib,37.177828035,unknown,127.159637675
tinyimagenet,vnncomp2024_benchmarks/benchmarks/tinyimagenet/onnx/TinyImageNet_resnet_medium.onnx,vnncomp2024_benchmarks/benchmarks/tinyimagenet/vnnlib/TinyImageNet_resnet_medium_prop_idx_1798_sidx_1061_eps_0.0039.vnnlib,37.989734904,unknown,126.928351251
tinyimagenet,vnncomp2024_benchmarks/benchmarks/tinyimagenet/onnx/TinyImageNet_resnet_medium.onnx,vnncomp2024_benchmarks/benchmarks/tinyimagenet/vnnlib/TinyImageNet_resnet_medium_prop_idx_971_sidx_4800_eps_0.0039.vnnlib,37.233479170,unknown,126.975236864
tinyimagenet,vnncomp2024_benchmarks/benchmarks/tinyimagenet/onnx/TinyImageNet_resnet_medium.onnx,vnncomp2024_benchmarks/benchmarks/tinyimagenet/vnnlib/TinyImageNet_resnet_medium_prop_idx_8043_sidx_500_eps_0.0039.vnnlib,37.476229437,unknown,126.964794251
tinyimagenet,vnncomp2024_benchmarks/benchmarks/tinyimagenet/onnx/TinyImageNet_resnet_medium.onnx,vnncomp2024_benchmarks/benchmarks/tinyimagenet/vnnlib/TinyImageNet_resnet_medium_prop_idx_8042_sidx_9227_eps_0.0039.vnnlib,37.451533843,unknown,125.715651283
tinyimagenet,vnncomp2024_benchmarks/benchmarks/tinyimagenet/onnx/TinyImageNet_resnet_medium.onnx,vnncomp2024_benchmarks/benchmarks/tinyimagenet/vnnlib/TinyImageNet_resnet_medium_prop_idx_6597_sidx_4088_eps_0.0039.vnnlib,37.441533055,unknown,126.751544295
tinyimagenet,vnncomp2024_benchmarks/benchmarks/tinyimagenet/onnx/TinyImageNet_resnet_medium.onnx,vnncomp2024_benchmarks/benchmarks/tinyimagenet/vnnlib/TinyImageNet_resnet_medium_prop_idx_6923_sidx_8593_eps_0.0039.vnnlib,37.198973068,unknown,126.688678289
tinyimagenet,vnncomp2024_benchmarks/benchmarks/tinyimagenet/onnx/TinyImageNet_resnet_medium.onnx,vnncomp2024_benchmarks/benchmarks/tinyimagenet/vnnlib/TinyImageNet_resnet_medium_prop_idx_9998_sidx_4182_eps_0.0039.vnnlib,37.223196047,unknown,125.974807683
tinyimagenet,vnncomp2024_benchmarks/benchmarks/tinyimagenet/onnx/TinyImageNet_resnet_medium.onnx,vnncomp2024_benchmarks/benchmarks/tinyimagenet/vnnlib/TinyImageNet_resnet_medium_prop_idx_5743_sidx_6569_eps_0.0039.vnnlib,37.500086710,unknown,125.954066032
tinyimagenet,vnncomp2024_benchmarks/benchmarks/tinyimagenet/onnx/TinyImageNet_resnet_medium.onnx,vnncomp2024_benchmarks/benchmarks/tinyimagenet/vnnlib/TinyImageNet_resnet_medium_prop_idx_5560_sidx_5477_eps_0.0039.vnnlib,37.732687092,unknown,126.900319584
tinyimagenet,vnncomp2024_benchmarks/benchmarks/tinyimagenet/onnx/TinyImageNet_resnet_medium.onnx,vnncomp2024_benchmarks/benchmarks/tinyimagenet/vnnlib/TinyImageNet_resnet_medium_prop_idx_3071_sidx_474_eps_0.0039.vnnlib,37.172644610,unknown,127.019929753
tinyimagenet,vnncomp2024_benchmarks/benchmarks/tinyimagenet/onnx/TinyImageNet_resnet_medium.onnx,vnncomp2024_benchmarks/benchmarks/tinyimagenet/vnnlib/TinyImageNet_resnet_medium_prop_idx_5676_sidx_9851_eps_0.0039.vnnlib,37.220464127,unknown,127.172016095
tinyimagenet,vnncomp2024_benchmarks/benchmarks/tinyimagenet/onnx/TinyImageNet_resnet_medium.onnx,vnncomp2024_benchmarks/benchmarks/tinyimagenet/vnnlib/TinyImageNet_resnet_medium_prop_idx_9345_sidx_6696_eps_0.0039.vnnlib,37.497281824,unknown,126.966239398
tinyimagenet,vnncomp2024_benchmarks/benchmarks/tinyimagenet/onnx/TinyImageNet_resnet_medium.onnx,vnncomp2024_benchmarks/benchmarks/tinyimagenet/vnnlib/TinyImageNet_resnet_medium_prop_idx_6379_sidx_4603_eps_0.0039.vnnlib,37.254128764,unknown,126.399267317
tinyimagenet,vnncomp2024_benchmarks/benchmarks/tinyimagenet/onnx/TinyImageNet_resnet_medium.onnx,vnncomp2024_benchmarks/benchmarks/tinyimagenet/vnnlib/TinyImageNet_resnet_medium_prop_idx_1514_sidx_2541_eps_0.0039.vnnlib,37.475596865,unknown,126.930390025
tinyimagenet,vnncomp2024_benchmarks/benchmarks/tinyimagenet/onnx/TinyImageNet_resnet_medium.onnx,vnncomp2024_benchmarks/benchmarks/tinyimagenet/vnnlib/TinyImageNet_resnet_medium_prop_idx_9483_sidx_7908_eps_0.0039.vnnlib,37.228562016,unknown,126.704220353
tinyimagenet,vnncomp2024_benchmarks/benchmarks/tinyimagenet/onnx/TinyImageNet_resnet_medium.onnx,vnncomp2024_benchmarks/benchmarks/tinyimagenet/vnnlib/TinyImageNet_resnet_medium_prop_idx_9417_sidx_5438_eps_0.0039.vnnlib,37.736911929,unknown,125.962404531
tinyimagenet,vnncomp2024_benchmarks/benchmarks/tinyimagenet/onnx/TinyImageNet_resnet_medium.onnx,vnncomp2024_benchmarks/benchmarks/tinyimagenet/vnnlib/TinyImageNet_resnet_medium_prop_idx_536_sidx_7699_eps_0.0039.vnnlib,37.259926037,unknown,125.489386146
tinyimagenet,vnncomp2024_benchmarks/benchmarks/tinyimagenet/onnx/TinyImageNet_resnet_medium.onnx,vnncomp2024_benchmarks/benchmarks/tinyimagenet/vnnlib/TinyImageNet_resnet_medium_prop_idx_4171_sidx_705_eps_0.0039.vnnlib,37.199631954,unknown,127.203396781
tinyimagenet,vnncomp2024_benchmarks/benchmarks/tinyimagenet/onnx/TinyImageNet_resnet_medium.onnx,vnncomp2024_benchmarks/benchmarks/tinyimagenet/vnnlib/TinyImageNet_resnet_medium_prop_idx_706_sidx_1037_eps_0.0039.vnnlib,37.450295051,unknown,127.034664148
tinyimagenet,vnncomp2024_benchmarks/benchmarks/tinyimagenet/onnx/TinyImageNet_resnet_medium.onnx,vnncomp2024_benchmarks/benchmarks/tinyimagenet/vnnlib/TinyImageNet_resnet_medium_prop_idx_4776_sidx_19_eps_0.0039.vnnlib,37.165365988,unknown,126.994040790
tinyimagenet,vnncomp2024_benchmarks/benchmarks/tinyimagenet/onnx/TinyImageNet_resnet_medium.onnx,vnncomp2024_benchmarks/benchmarks/tinyimagenet/vnnlib/TinyImageNet_resnet_medium_prop_idx_8288_sidx_307_eps_0.0039.vnnlib,37.653927951,unknown,126.951481552
tinyimagenet,vnncomp2024_benchmarks/benchmarks/tinyimagenet/onnx/TinyImageNet_resnet_medium.onnx,vnncomp2024_benchmarks/benchmarks/tinyimagenet/vnnlib/TinyImageNet_resnet_medium_prop_idx_4789_sidx_8239_eps_0.0039.vnnlib,37.455397696,unknown,125.449780485
tinyimagenet,vnncomp2024_benchmarks/benchmarks/tinyimagenet/onnx/TinyImageNet_resnet_medium.onnx,vnncomp2024_benchmarks/benchmarks/tinyimagenet/vnnlib/TinyImageNet_resnet_medium_prop_idx_2763_sidx_5006_eps_0.0039.vnnlib,37.196553040,unknown,126.966881823
tinyimagenet,vnncomp2024_benchmarks/benchmarks/tinyimagenet/onnx/TinyImageNet_resnet_medium.onnx,vnncomp2024_benchmarks/benchmarks/tinyimagenet/vnnlib/TinyImageNet_resnet_medium_prop_idx_1760_sidx_899_eps_0.0039.vnnlib,37.499796741,unknown,125.648286196
tinyimagenet,vnncomp2024_benchmarks/benchmarks/tinyimagenet/onnx/TinyImageNet_resnet_medium.onnx,vnncomp2024_benchmarks/benchmarks/tinyimagenet/vnnlib/TinyImageNet_resnet_medium_prop_idx_4407_sidx_4717_eps_0.0039.vnnlib,37.198079613,unknown,126.937108377
tinyimagenet,vnncomp2024_benchmarks/benchmarks/tinyimagenet/onnx/TinyImageNet_resnet_medium.onnx,vnncomp2024_benchmarks/benchmarks/tinyimagenet/vnnlib/TinyImageNet_resnet_medium_prop_idx_568_sidx_8816_eps_0.0039.vnnlib,37.462718788,unknown,126.984122498
tinyimagenet,vnncomp2024_benchmarks/benchmarks/tinyimagenet/onnx/TinyImageNet_resnet_medium.onnx,vnncomp2024_benchmarks/benchmarks/tinyimagenet/vnnlib/TinyImageNet_resnet_medium_prop_idx_1093_sidx_4490_eps_0.0039.vnnlib,37.688791593,unknown,126.929585515
tinyimagenet,vnncomp2024_benchmarks/benchmarks/tinyimagenet/onnx/TinyImageNet_resnet_medium.onnx,vnncomp2024_benchmarks/benchmarks/tinyimagenet/vnnlib/TinyImageNet_resnet_medium_prop_idx_1853_sidx_6533_eps_0.0039.vnnlib,37.234680768,unknown,126.980626275
tinyimagenet,vnncomp2024_benchmarks/benchmarks/tinyimagenet/onnx/TinyImageNet_resnet_medium.onnx,vnncomp2024_benchmarks/benchmarks/tinyimagenet/vnnlib/TinyImageNet_resnet_medium_prop_idx_7834_sidx_9391_eps_0.0039.vnnlib,37.707290649,unknown,126.977640956
tinyimagenet,vnncomp2024_benchmarks/benchmarks/tinyimagenet/onnx/TinyImageNet_resnet_medium.onnx,vnncomp2024_benchmarks/benchmarks/tinyimagenet/vnnlib/TinyImageNet_resnet_medium_prop_idx_2936_sidx_7810_eps_0.0039.vnnlib,37.440509474,unknown,126.927157226
tinyimagenet,vnncomp2024_benchmarks/benchmarks/tinyimagenet/onnx/TinyImageNet_resnet_medium.onnx,vnncomp2024_benchmarks/benchmarks/tinyimagenet/vnnlib/TinyImageNet_resnet_medium_prop_idx_4686_sidx_8792_eps_0.0039.vnnlib,37.196128989,unknown,125.463029673
tinyimagenet,vnncomp2024_benchmarks/benchmarks/tinyimagenet/onnx/TinyImageNet_resnet_medium.onnx,vnncomp2024_benchmarks/benchmarks/tinyimagenet/vnnlib/TinyImageNet_resnet_medium_prop_idx_6077_sidx_9485_eps_0.0039.vnnlib,37.692473868,unknown,126.677745090
tinyimagenet,vnncomp2024_benchmarks/benchmarks/tinyimagenet/onnx/TinyImageNet_resnet_medium.onnx,vnncomp2024_benchmarks/benchmarks/tinyimagenet/vnnlib/TinyImageNet_resnet_medium_prop_idx_8170_sidx_3334_eps_0.0039.vnnlib,37.203913894,unknown,125.961121758
tinyimagenet,vnncomp2024_benchmarks/benchmarks/tinyimagenet/onnx/TinyImageNet_resnet_medium.onnx,vnncomp2024_benchmarks/benchmarks/tinyimagenet/vnnlib/TinyImageNet_resnet_medium_prop_idx_2823_sidx_3967_eps_0.0039.vnnlib,37.715693909,unknown,126.968192073
tinyimagenet,vnncomp2024_benchmarks/benchmarks/test/test_nano.onnx,vnncomp2024_benchmarks/benchmarks/test/test_nano.vnnlib,13.614638388,unsat,10.203402071
