tinyimagenet,vnncomp2024_benchmarks/benchmarks/tinyimagenet/onnx/TinyImageNet_resnet_medium.onnx,vnncomp2024_benchmarks/benchmarks/tinyimagenet/vnnlib/TinyImageNet_resnet_medium_prop_idx_1924_sidx_6759_eps_0.0039.vnnlib,48.556298918,run_instance_timeout,160.005266981
tinyimagenet,vnncomp2024_benchmarks/benchmarks/tinyimagenet/onnx/TinyImageNet_resnet_medium.onnx,vnncomp2024_benchmarks/benchmarks/tinyimagenet/vnnlib/TinyImageNet_resnet_medium_prop_idx_3866_sidx_8102_eps_0.0039.vnnlib,46.578360760,run_instance_timeout,160.005412428
tinyimagenet,vnncomp2024_benchmarks/benchmarks/tinyimagenet/onnx/TinyImageNet_resnet_medium.onnx,vnncomp2024_benchmarks/benchmarks/tinyimagenet/vnnlib/TinyImageNet_resnet_medium_prop_idx_5414_sidx_1938_eps_0.0039.vnnlib,46.663329082,sat,4.104469324
tinyimagenet,vnncomp2024_benchmarks/benchmarks/tinyimagenet/onnx/TinyImageNet_resnet_medium.onnx,vnncomp2024_benchmarks/benchmarks/tinyimagenet/vnnlib/TinyImageNet_resnet_medium_prop_idx_1617_sidx_845_eps_0.0039.vnnlib,48.902201124,sat,3.101877505
tinyimagenet,vnncomp2024_benchmarks/benchmarks/tinyimagenet/onnx/TinyImageNet_resnet_medium.onnx,vnncomp2024_benchmarks/benchmarks/tinyimagenet/vnnlib/TinyImageNet_resnet_medium_prop_idx_9376_sidx_6124_eps_0.0039.vnnlib,47.243572050,run_instance_timeout,160.005422164
tinyimagenet,vnncomp2024_benchmarks/benchmarks/tinyimagenet/onnx/TinyImageNet_resnet_medium.onnx,vnncomp2024_benchmarks/benchmarks/tinyimagenet/vnnlib/TinyImageNet_resnet_medium_prop_idx_1864_sidx_887_eps_0.0039.vnnlib,46.360394071,sat,8.129720348
tinyimagenet,vnncomp2024_benchmarks/benchmarks/tinyimagenet/onnx/TinyImageNet_resnet_medium.onnx,vnncomp2024_benchmarks/benchmarks/tinyimagenet/vnnlib/TinyImageNet_resnet_medium_prop_idx_3944_sidx_3039_eps_0.0039.vnnlib,46.618485631,sat,3.100896233
tinyimagenet,vnncomp2024_benchmarks/benchmarks/tinyimagenet/onnx/TinyImageNet_resnet_medium.onnx,vnncomp2024_benchmarks/benchmarks/tinyimagenet/vnnlib/TinyImageNet_resnet_medium_prop_idx_4043_sidx_9475_eps_0.0039.vnnlib,46.920831555,run_instance_timeout,160.005134332
tinyimagenet,vnncomp2024_benchmarks/benchmarks/tinyimagenet/onnx/TinyImageNet_resnet_medium.onnx,vnncomp2024_benchmarks/benchmarks/tinyimagenet/vnnlib/TinyImageNet_resnet_medium_prop_idx_4863_sidx_3184_eps_0.0039.vnnlib,46.590710645,run_instance_timeout,160.005059020
tinyimagenet,vnncomp2024_benchmarks/benchmarks/tinyimagenet/onnx/TinyImageNet_resnet_medium.onnx,vnncomp2024_benchmarks/benchmarks/tinyimagenet/vnnlib/TinyImageNet_resnet_medium_prop_idx_3973_sidx_9461_eps_0.0039.vnnlib,46.677569873,run_instance_timeout,160.005005702
tinyimagenet,vnncomp2024_benchmarks/benchmarks/tinyimagenet/onnx/TinyImageNet_resnet_medium.onnx,vnncomp2024_benchmarks/benchmarks/tinyimagenet/vnnlib/TinyImageNet_resnet_medium_prop_idx_3113_sidx_9370_eps_0.0039.vnnlib,47.004834071,run_instance_timeout,160.005213578
tinyimagenet,vnncomp2024_benchmarks/benchmarks/tinyimagenet/onnx/TinyImageNet_resnet_medium.onnx,vnncomp2024_benchmarks/benchmarks/tinyimagenet/vnnlib/TinyImageNet_resnet_medium_prop_idx_6461_sidx_2771_eps_0.0039.vnnlib,46.713116766,sat,20.200541071
tinyimagenet,vnncomp2024_benchmarks/benchmarks/tinyimagenet/onnx/TinyImageNet_resnet_medium.onnx,vnncomp2024_benchmarks/benchmarks/tinyimagenet/vnnlib/TinyImageNet_resnet_medium_prop_idx_2211_sidx_9985_eps_0.0039.vnnlib,46.686762823,run_instance_timeout,160.005384637
tinyimagenet,vnncomp2024_benchmarks/benchmarks/tinyimagenet/onnx/TinyImageNet_resnet_medium.onnx,vnncomp2024_benchmarks/benchmarks/tinyimagenet/vnnlib/TinyImageNet_resnet_medium_prop_idx_8245_sidx_4991_eps_0.0039.vnnlib,46.741769688,run_instance_timeout,160.005127607
tinyimagenet,vnncomp2024_benchmarks/benchmarks/tinyimagenet/onnx/TinyImageNet_resnet_medium.onnx,vnncomp2024_benchmarks/benchmarks/tinyimagenet/vnnlib/TinyImageNet_resnet_medium_prop_idx_4109_sidx_3134_eps_0.0039.vnnlib,46.542769895,run_instance_timeout,160.005175335
tinyimagenet,vnncomp2024_benchmarks/benchmarks/tinyimagenet/onnx/TinyImageNet_resnet_medium.onnx,vnncomp2024_benchmarks/benchmarks/tinyimagenet/vnnlib/TinyImageNet_resnet_medium_prop_idx_3133_sidx_2042_eps_0.0039.vnnlib,46.359616346,sat,42.320306121
tinyimagenet,vnncomp2024_benchmarks/benchmarks/tinyimagenet/onnx/TinyImageNet_resnet_medium.onnx,vnncomp2024_benchmarks/benchmarks/tinyimagenet/vnnlib/TinyImageNet_resnet_medium_prop_idx_6017_sidx_380_eps_0.0039.vnnlib,46.651723719,sat,4.108705894
tinyimagenet,vnncomp2024_benchmarks/benchmarks/tinyimagenet/onnx/TinyImageNet_resnet_medium.onnx,vnncomp2024_benchmarks/benchmarks/tinyimagenet/vnnlib/TinyImageNet_resnet_medium_prop_idx_3072_sidx_3250_eps_0.0039.vnnlib,47.395729764,run_instance_timeout,160.005101482
tinyimagenet,vnncomp2024_benchmarks/benchmarks/tinyimagenet/onnx/TinyImageNet_resnet_medium.onnx,vnncomp2024_benchmarks/benchmarks/tinyimagenet/vnnlib/TinyImageNet_resnet_medium_prop_idx_9542_sidx_2775_eps_0.0039.vnnlib,46.476207260,run_instance_timeout,160.005163646
tinyimagenet,vnncomp2024_benchmarks/benchmarks/tinyimagenet/onnx/TinyImageNet_resnet_medium.onnx,vnncomp2024_benchmarks/benchmarks/tinyimagenet/vnnlib/TinyImageNet_resnet_medium_prop_idx_762_sidx_4897_eps_0.0039.vnnlib,46.725255190,sat,26.231658309
tinyimagenet,vnncomp2024_benchmarks/benchmarks/tinyimagenet/onnx/TinyImageNet_resnet_medium.onnx,vnncomp2024_benchmarks/benchmarks/tinyimagenet/vnnlib/TinyImageNet_resnet_medium_prop_idx_4912_sidx_9915_eps_0.0039.vnnlib,46.393537237,run_instance_timeout,160.005071955
tinyimagenet,vnncomp2024_benchmarks/benchmarks/tinyimagenet/onnx/TinyImageNet_resnet_medium.onnx,vnncomp2024_benchmarks/benchmarks/tinyimagenet/vnnlib/TinyImageNet_resnet_medium_prop_idx_8213_sidx_7868_eps_0.0039.vnnlib,46.636460462,run_instance_timeout,160.005049256
tinyimagenet,vnncomp2024_benchmarks/benchmarks/tinyimagenet/onnx/TinyImageNet_resnet_medium.onnx,vnncomp2024_benchmarks/benchmarks/tinyimagenet/vnnlib/TinyImageNet_resnet_medium_prop_idx_2476_sidx_1784_eps_0.0039.vnnlib,46.462306006,run_instance_timeout,160.005478974
tinyimagenet,vnncomp2024_benchmarks/benchmarks/tinyimagenet/onnx/TinyImageNet_resnet_medium.onnx,vnncomp2024_benchmarks/benchmarks/tinyimagenet/vnnlib/TinyImageNet_resnet_medium_prop_idx_9569_sidx_8561_eps_0.0039.vnnlib,46.903521818,run_instance_timeout,160.005358637
tinyimagenet,vnncomp2024_benchmarks/benchmarks/tinyimagenet/onnx/TinyImageNet_resnet_medium.onnx,vnncomp2024_benchmarks/benchmarks/tinyimagenet/vnnlib/TinyImageNet_resnet_medium_prop_idx_7196_sidx_2293_eps_0.0039.vnnlib,47.135024012,run_instance_timeout,160.005277667
tinyimagenet,vnncomp2024_benchmarks/benchmarks/tinyimagenet/onnx/TinyImageNet_resnet_medium.onnx,vnncomp2024_benchmarks/benchmarks/tinyimagenet/vnnlib/TinyImageNet_resnet_medium_prop_idx_4880_sidx_5810_eps_0.0039.vnnlib,46.677300312,sat,35.282782762
tinyimagenet,vnncomp2024_benchmarks/benchmarks/tinyimagenet/onnx/TinyImageNet_resnet_medium.onnx,vnncomp2024_benchmarks/benchmarks/tinyimagenet/vnnlib/TinyImageNet_resnet_medium_prop_idx_6432_sidx_7615_eps_0.0039.vnnlib,46.780330205,run_instance_timeout,160.005273747
tinyimagenet,vnncomp2024_benchmarks/benchmarks/tinyimagenet/onnx/TinyImageNet_resnet_medium.onnx,vnncomp2024_benchmarks/benchmarks/tinyimagenet/vnnlib/TinyImageNet_resnet_medium_prop_idx_4329_sidx_5838_eps_0.0039.vnnlib,46.609645269,sat,9.134351020
tinyimagenet,vnncomp2024_benchmarks/benchmarks/tinyimagenet/onnx/TinyImageNet_resnet_medium.onnx,vnncomp2024_benchmarks/benchmarks/tinyimagenet/vnnlib/TinyImageNet_resnet_medium_prop_idx_3839_sidx_962_eps_0.0039.vnnlib,46.551255899,run_instance_timeout,160.005478042
tinyimagenet,vnncomp2024_benchmarks/benchmarks/tinyimagenet/onnx/TinyImageNet_resnet_medium.onnx,vnncomp2024_benchmarks/benchmarks/tinyimagenet/vnnlib/TinyImageNet_resnet_medium_prop_idx_6014_sidx_2164_eps_0.0039.vnnlib,46.437302534,sat,4.105052772
tinyimagenet,vnncomp2024_benchmarks/benchmarks/tinyimagenet/onnx/TinyImageNet_resnet_medium.onnx,vnncomp2024_benchmarks/benchmarks/tinyimagenet/vnnlib/TinyImageNet_resnet_medium_prop_idx_9558_sidx_6082_eps_0.0039.vnnlib,47.074292593,sat,4.108961258
tinyimagenet,vnncomp2024_benchmarks/benchmarks/tinyimagenet/onnx/TinyImageNet_resnet_medium.onnx,vnncomp2024_benchmarks/benchmarks/tinyimagenet/vnnlib/TinyImageNet_resnet_medium_prop_idx_5164_sidx_1240_eps_0.0039.vnnlib,46.570249946,run_instance_timeout,160.005244025
tinyimagenet,vnncomp2024_benchmarks/benchmarks/tinyimagenet/onnx/TinyImageNet_resnet_medium.onnx,vnncomp2024_benchmarks/benchmarks/tinyimagenet/vnnlib/TinyImageNet_resnet_medium_prop_idx_2907_sidx_66_eps_0.0039.vnnlib,47.136300836,run_instance_timeout,160.005262885
tinyimagenet,vnncomp2024_benchmarks/benchmarks/tinyimagenet/onnx/TinyImageNet_resnet_medium.onnx,vnncomp2024_benchmarks/benchmarks/tinyimagenet/vnnlib/TinyImageNet_resnet_medium_prop_idx_4463_sidx_4146_eps_0.0039.vnnlib,46.768598884,sat,3.099880359
tinyimagenet,vnncomp2024_benchmarks/benchmarks/tinyimagenet/onnx/TinyImageNet_resnet_medium.onnx,vnncomp2024_benchmarks/benchmarks/tinyimagenet/vnnlib/TinyImageNet_resnet_medium_prop_idx_5184_sidx_341_eps_0.0039.vnnlib,46.719655469,run_instance_timeout,160.004817960
tinyimagenet,vnncomp2024_benchmarks/benchmarks/tinyimagenet/onnx/TinyImageNet_resnet_medium.onnx,vnncomp2024_benchmarks/benchmarks/tinyimagenet/vnnlib/TinyImageNet_resnet_medium_prop_idx_9597_sidx_6636_eps_0.0039.vnnlib,46.345467121,sat,3.099727681
tinyimagenet,vnncomp2024_benchmarks/benchmarks/tinyimagenet/onnx/TinyImageNet_resnet_medium.onnx,vnncomp2024_benchmarks/benchmarks/tinyimagenet/vnnlib/TinyImageNet_resnet_medium_prop_idx_7225_sidx_2278_eps_0.0039.vnnlib,46.483925667,sat,3.102715956
tinyimagenet,vnncomp2024_benchmarks/benchmarks/tinyimagenet/onnx/TinyImageNet_resnet_medium.onnx,vnncomp2024_benchmarks/benchmarks/tinyimagenet/vnnlib/TinyImageNet_resnet_medium_prop_idx_5032_sidx_7113_eps_0.0039.vnnlib,46.739137403,sat,22.210052942
tinyimagenet,vnncomp2024_benchmarks/benchmarks/tinyimagenet/onnx/TinyImageNet_resnet_medium.onnx,vnncomp2024_benchmarks/benchmarks/tinyimagenet/vnnlib/TinyImageNet_resnet_medium_prop_idx_4925_sidx_4702_eps_0.0039.vnnlib,46.448453178,run_instance_timeout,160.004943387
tinyimagenet,vnncomp2024_benchmarks/benchmarks/tinyimagenet/onnx/TinyImageNet_resnet_medium.onnx,vnncomp2024_benchmarks/benchmarks/tinyimagenet/vnnlib/TinyImageNet_resnet_medium_prop_idx_9259_sidx_2193_eps_0.0039.vnnlib,46.322399315,run_instance_timeout,160.005449171
tinyimagenet,vnncomp2024_benchmarks/benchmarks/tinyimagenet/onnx/TinyImageNet_resnet_medium.onnx,vnncomp2024_benchmarks/benchmarks/tinyimagenet/vnnlib/TinyImageNet_resnet_medium_prop_idx_2755_sidx_193_eps_0.0039.vnnlib,46.858957147,run_instance_timeout,160.005263727
tinyimagenet,vnncomp2024_benchmarks/benchmarks/tinyimagenet/onnx/TinyImageNet_resnet_medium.onnx,vnncomp2024_benchmarks/benchmarks/tinyimagenet/vnnlib/TinyImageNet_resnet_medium_prop_idx_2899_sidx_6313_eps_0.0039.vnnlib,46.452196503,run_instance_timeout,160.005368674
tinyimagenet,vnncomp2024_benchmarks/benchmarks/tinyimagenet/onnx/TinyImageNet_resnet_medium.onnx,vnncomp2024_benchmarks/benchmarks/tinyimagenet/vnnlib/TinyImageNet_resnet_medium_prop_idx_2210_sidx_992_eps_0.0039.vnnlib,46.749390979,run_instance_timeout,160.004817365
tinyimagenet,vnncomp2024_benchmarks/benchmarks/tinyimagenet/onnx/TinyImageNet_resnet_medium.onnx,vnncomp2024_benchmarks/benchmarks/tinyimagenet/vnnlib/TinyImageNet_resnet_medium_prop_idx_2146_sidx_298_eps_0.0039.vnnlib,48.583680011,run_instance_timeout,160.004759786
tinyimagenet,vnncomp2024_benchmarks/benchmarks/tinyimagenet/onnx/TinyImageNet_resnet_medium.onnx,vnncomp2024_benchmarks/benchmarks/tinyimagenet/vnnlib/TinyImageNet_resnet_medium_prop_idx_7538_sidx_5076_eps_0.0039.vnnlib,46.316109260,run_instance_timeout,160.005209064
tinyimagenet,vnncomp2024_benchmarks/benchmarks/tinyimagenet/onnx/TinyImageNet_resnet_medium.onnx,vnncomp2024_benchmarks/benchmarks/tinyimagenet/vnnlib/TinyImageNet_resnet_medium_prop_idx_6194_sidx_6044_eps_0.0039.vnnlib,46.648521583,run_instance_timeout,160.004982596
tinyimagenet,vnncomp2024_benchmarks/benchmarks/tinyimagenet/onnx/TinyImageNet_resnet_medium.onnx,vnncomp2024_benchmarks/benchmarks/tinyimagenet/vnnlib/TinyImageNet_resnet_medium_prop_idx_3307_sidx_2634_eps_0.0039.vnnlib,46.649851169,run_instance_timeout,160.005117521
tinyimagenet,vnncomp2024_benchmarks/benchmarks/tinyimagenet/onnx/TinyImageNet_resnet_medium.onnx,vnncomp2024_benchmarks/benchmarks/tinyimagenet/vnnlib/TinyImageNet_resnet_medium_prop_idx_8667_sidx_4981_eps_0.0039.vnnlib,46.488681528,sat,29.252473933
tinyimagenet,vnncomp2024_benchmarks/benchmarks/tinyimagenet/onnx/TinyImageNet_resnet_medium.onnx,vnncomp2024_benchmarks/benchmarks/tinyimagenet/vnnlib/TinyImageNet_resnet_medium_prop_idx_837_sidx_5947_eps_0.0039.vnnlib,47.025396403,sat,19.192138822
tinyimagenet,vnncomp2024_benchmarks/benchmarks/tinyimagenet/onnx/TinyImageNet_resnet_medium.onnx,vnncomp2024_benchmarks/benchmarks/tinyimagenet/vnnlib/TinyImageNet_resnet_medium_prop_idx_4733_sidx_9708_eps_0.0039.vnnlib,46.675709116,run_instance_timeout,160.005385517
tinyimagenet,vnncomp2024_benchmarks/benchmarks/tinyimagenet/onnx/TinyImageNet_resnet_medium.onnx,vnncomp2024_benchmarks/benchmarks/tinyimagenet/vnnlib/TinyImageNet_resnet_medium_prop_idx_5709_sidx_6204_eps_0.0039.vnnlib,46.640226748,run_instance_timeout,160.005382958
tinyimagenet,vnncomp2024_benchmarks/benchmarks/tinyimagenet/onnx/TinyImageNet_resnet_medium.onnx,vnncomp2024_benchmarks/benchmarks/tinyimagenet/vnnlib/TinyImageNet_resnet_medium_prop_idx_5571_sidx_4595_eps_0.0039.vnnlib,46.746688930,sat,9.137049940
tinyimagenet,vnncomp2024_benchmarks/benchmarks/tinyimagenet/onnx/TinyImageNet_resnet_medium.onnx,vnncomp2024_benchmarks/benchmarks/tinyimagenet/vnnlib/TinyImageNet_resnet_medium_prop_idx_3148_sidx_1232_eps_0.0039.vnnlib,46.810038883,run_instance_timeout,160.005745431
tinyimagenet,vnncomp2024_benchmarks/benchmarks/tinyimagenet/onnx/TinyImageNet_resnet_medium.onnx,vnncomp2024_benchmarks/benchmarks/tinyimagenet/vnnlib/TinyImageNet_resnet_medium_prop_idx_236_sidx_420_eps_0.0039.vnnlib,46.973986928,run_instance_timeout,160.005245571
tinyimagenet,vnncomp2024_benchmarks/benchmarks/tinyimagenet/onnx/TinyImageNet_resnet_medium.onnx,vnncomp2024_benchmarks/benchmarks/tinyimagenet/vnnlib/TinyImageNet_resnet_medium_prop_idx_1731_sidx_6691_eps_0.0039.vnnlib,46.457061815,run_instance_timeout,160.005285268
tinyimagenet,vnncomp2024_benchmarks/benchmarks/tinyimagenet/onnx/TinyImageNet_resnet_medium.onnx,vnncomp2024_benchmarks/benchmarks/tinyimagenet/vnnlib/TinyImageNet_resnet_medium_prop_idx_2558_sidx_8085_eps_0.0039.vnnlib,46.484460870,sat,5.112632229
tinyimagenet,vnncomp2024_benchmarks/benchmarks/tinyimagenet/onnx/TinyImageNet_resnet_medium.onnx,vnncomp2024_benchmarks/benchmarks/tinyimagenet/vnnlib/TinyImageNet_resnet_medium_prop_idx_6623_sidx_4316_eps_0.0039.vnnlib,46.895204322,run_instance_timeout,160.005085296
tinyimagenet,vnncomp2024_benchmarks/benchmarks/tinyimagenet/onnx/TinyImageNet_resnet_medium.onnx,vnncomp2024_benchmarks/benchmarks/tinyimagenet/vnnlib/TinyImageNet_resnet_medium_prop_idx_8537_sidx_6506_eps_0.0039.vnnlib,46.912404083,run_instance_timeout,160.004831386
tinyimagenet,vnncomp2024_benchmarks/benchmarks/tinyimagenet/onnx/TinyImageNet_resnet_medium.onnx,vnncomp2024_benchmarks/benchmarks/tinyimagenet/vnnlib/TinyImageNet_resnet_medium_prop_idx_110_sidx_3348_eps_0.0039.vnnlib,46.620923712,run_instance_timeout,160.005162373
tinyimagenet,vnncomp2024_benchmarks/benchmarks/tinyimagenet/onnx/TinyImageNet_resnet_medium.onnx,vnncomp2024_benchmarks/benchmarks/tinyimagenet/vnnlib/TinyImageNet_resnet_medium_prop_idx_1939_sidx_6752_eps_0.0039.vnnlib,46.879652402,run_instance_timeout,160.005313812
tinyimagenet,vnncomp2024_benchmarks/benchmarks/tinyimagenet/onnx/TinyImageNet_resnet_medium.onnx,vnncomp2024_benchmarks/benchmarks/tinyimagenet/vnnlib/TinyImageNet_resnet_medium_prop_idx_6800_sidx_901_eps_0.0039.vnnlib,46.648259986,run_instance_timeout,160.005416855
tinyimagenet,vnncomp2024_benchmarks/benchmarks/tinyimagenet/onnx/TinyImageNet_resnet_medium.onnx,vnncomp2024_benchmarks/benchmarks/tinyimagenet/vnnlib/TinyImageNet_resnet_medium_prop_idx_9458_sidx_2592_eps_0.0039.vnnlib,46.514364510,run_instance_timeout,160.005014041
tinyimagenet,vnncomp2024_benchmarks/benchmarks/tinyimagenet/onnx/TinyImageNet_resnet_medium.onnx,vnncomp2024_benchmarks/benchmarks/tinyimagenet/vnnlib/TinyImageNet_resnet_medium_prop_idx_6098_sidx_7270_eps_0.0039.vnnlib,46.724191666,run_instance_timeout,160.005018998
tinyimagenet,vnncomp2024_benchmarks/benchmarks/tinyimagenet/onnx/TinyImageNet_resnet_medium.onnx,vnncomp2024_benchmarks/benchmarks/tinyimagenet/vnnlib/TinyImageNet_resnet_medium_prop_idx_410_sidx_1150_eps_0.0039.vnnlib,46.685338469,run_instance_timeout,160.004654926
tinyimagenet,vnncomp2024_benchmarks/benchmarks/tinyimagenet/onnx/TinyImageNet_resnet_medium.onnx,vnncomp2024_benchmarks/benchmarks/tinyimagenet/vnnlib/TinyImageNet_resnet_medium_prop_idx_2184_sidx_9679_eps_0.0039.vnnlib,46.917918908,run_instance_timeout,160.005521324
tinyimagenet,vnncomp2024_benchmarks/benchmarks/tinyimagenet/onnx/TinyImageNet_resnet_medium.onnx,vnncomp2024_benchmarks/benchmarks/tinyimagenet/vnnlib/TinyImageNet_resnet_medium_prop_idx_4477_sidx_4081_eps_0.0039.vnnlib,46.848777150,run_instance_timeout,160.005366605
tinyimagenet,vnncomp2024_benchmarks/benchmarks/tinyimagenet/onnx/TinyImageNet_resnet_medium.onnx,vnncomp2024_benchmarks/benchmarks/tinyimagenet/vnnlib/TinyImageNet_resnet_medium_prop_idx_3891_sidx_62_eps_0.0039.vnnlib,46.607319639,run_instance_timeout,160.005006566
tinyimagenet,vnncomp2024_benchmarks/benchmarks/tinyimagenet/onnx/TinyImageNet_resnet_medium.onnx,vnncomp2024_benchmarks/benchmarks/tinyimagenet/vnnlib/TinyImageNet_resnet_medium_prop_idx_7689_sidx_3205_eps_0.0039.vnnlib,46.563944958,run_instance_timeout,160.005058503
tinyimagenet,vnncomp2024_benchmarks/benchmarks/tinyimagenet/onnx/TinyImageNet_resnet_medium.onnx,vnncomp2024_benchmarks/benchmarks/tinyimagenet/vnnlib/TinyImageNet_resnet_medium_prop_idx_8013_sidx_2238_eps_0.0039.vnnlib,46.555005288,run_instance_timeout,160.005489113
tinyimagenet,vnncomp2024_benchmarks/benchmarks/tinyimagenet/onnx/TinyImageNet_resnet_medium.onnx,vnncomp2024_benchmarks/benchmarks/tinyimagenet/vnnlib/TinyImageNet_resnet_medium_prop_idx_6161_sidx_1818_eps_0.0039.vnnlib,46.637109171,run_instance_timeout,160.005010533
tinyimagenet,vnncomp2024_benchmarks/benchmarks/tinyimagenet/onnx/TinyImageNet_resnet_medium.onnx,vnncomp2024_benchmarks/benchmarks/tinyimagenet/vnnlib/TinyImageNet_resnet_medium_prop_idx_8310_sidx_4525_eps_0.0039.vnnlib,47.505273825,sat,4.108407828
tinyimagenet,vnncomp2024_benchmarks/benchmarks/tinyimagenet/onnx/TinyImageNet_resnet_medium.onnx,vnncomp2024_benchmarks/benchmarks/tinyimagenet/vnnlib/TinyImageNet_resnet_medium_prop_idx_6827_sidx_2613_eps_0.0039.vnnlib,46.470195286,sat,4.107586879
tinyimagenet,vnncomp2024_benchmarks/benchmarks/tinyimagenet/onnx/TinyImageNet_resnet_medium.onnx,vnncomp2024_benchmarks/benchmarks/tinyimagenet/vnnlib/TinyImageNet_resnet_medium_prop_idx_4931_sidx_3891_eps_0.0039.vnnlib,46.773797436,sat,32.269693026
tinyimagenet,vnncomp2024_benchmarks/benchmarks/tinyimagenet/onnx/TinyImageNet_resnet_medium.onnx,vnncomp2024_benchmarks/benchmarks/tinyimagenet/vnnlib/TinyImageNet_resnet_medium_prop_idx_4551_sidx_6769_eps_0.0039.vnnlib,46.543166158,run_instance_timeout,160.005119328
tinyimagenet,vnncomp2024_benchmarks/benchmarks/tinyimagenet/onnx/TinyImageNet_resnet_medium.onnx,vnncomp2024_benchmarks/benchmarks/tinyimagenet/vnnlib/TinyImageNet_resnet_medium_prop_idx_1983_sidx_1459_eps_0.0039.vnnlib,46.623796599,run_instance_timeout,160.005268563
tinyimagenet,vnncomp2024_benchmarks/benchmarks/tinyimagenet/onnx/TinyImageNet_resnet_medium.onnx,vnncomp2024_benchmarks/benchmarks/tinyimagenet/vnnlib/TinyImageNet_resnet_medium_prop_idx_7277_sidx_8835_eps_0.0039.vnnlib,46.225880207,sat,5.116143610
tinyimagenet,vnncomp2024_benchmarks/benchmarks/tinyimagenet/onnx/TinyImageNet_resnet_medium.onnx,vnncomp2024_benchmarks/benchmarks/tinyimagenet/vnnlib/TinyImageNet_resnet_medium_prop_idx_3834_sidx_8866_eps_0.0039.vnnlib,47.081311661,run_instance_timeout,160.005092120
tinyimagenet,vnncomp2024_benchmarks/benchmarks/tinyimagenet/onnx/TinyImageNet_resnet_medium.onnx,vnncomp2024_benchmarks/benchmarks/tinyimagenet/vnnlib/TinyImageNet_resnet_medium_prop_idx_3018_sidx_1546_eps_0.0039.vnnlib,46.835924694,run_instance_timeout,160.005313997
tinyimagenet,vnncomp2024_benchmarks/benchmarks/tinyimagenet/onnx/TinyImageNet_resnet_medium.onnx,vnncomp2024_benchmarks/benchmarks/tinyimagenet/vnnlib/TinyImageNet_resnet_medium_prop_idx_1578_sidx_7829_eps_0.0039.vnnlib,48.381569192,run_instance_timeout,160.005216255
tinyimagenet,vnncomp2024_benchmarks/benchmarks/tinyimagenet/onnx/TinyImageNet_resnet_medium.onnx,vnncomp2024_benchmarks/benchmarks/tinyimagenet/vnnlib/TinyImageNet_resnet_medium_prop_idx_9419_sidx_9984_eps_0.0039.vnnlib,46.757715145,run_instance_timeout,160.005208392
tinyimagenet,vnncomp2024_benchmarks/benchmarks/tinyimagenet/onnx/TinyImageNet_resnet_medium.onnx,vnncomp2024_benchmarks/benchmarks/tinyimagenet/vnnlib/TinyImageNet_resnet_medium_prop_idx_962_sidx_2870_eps_0.0039.vnnlib,46.889049968,run_instance_timeout,160.004795376
tinyimagenet,vnncomp2024_benchmarks/benchmarks/tinyimagenet/onnx/TinyImageNet_resnet_medium.onnx,vnncomp2024_benchmarks/benchmarks/tinyimagenet/vnnlib/TinyImageNet_resnet_medium_prop_idx_336_sidx_2254_eps_0.0039.vnnlib,46.462084892,sat,3.099933273
tinyimagenet,vnncomp2024_benchmarks/benchmarks/tinyimagenet/onnx/TinyImageNet_resnet_medium.onnx,vnncomp2024_benchmarks/benchmarks/tinyimagenet/vnnlib/TinyImageNet_resnet_medium_prop_idx_7187_sidx_4191_eps_0.0039.vnnlib,46.682486414,run_instance_timeout,160.005112328
tinyimagenet,vnncomp2024_benchmarks/benchmarks/tinyimagenet/onnx/TinyImageNet_resnet_medium.onnx,vnncomp2024_benchmarks/benchmarks/tinyimagenet/vnnlib/TinyImageNet_resnet_medium_prop_idx_6471_sidx_5357_eps_0.0039.vnnlib,46.453121638,run_instance_timeout,160.005020403
tinyimagenet,vnncomp2024_benchmarks/benchmarks/tinyimagenet/onnx/TinyImageNet_resnet_medium.onnx,vnncomp2024_benchmarks/benchmarks/tinyimagenet/vnnlib/TinyImageNet_resnet_medium_prop_idx_3115_sidx_671_eps_0.0039.vnnlib,46.921948574,run_instance_timeout,160.005203224
tinyimagenet,vnncomp2024_benchmarks/benchmarks/tinyimagenet/onnx/TinyImageNet_resnet_medium.onnx,vnncomp2024_benchmarks/benchmarks/tinyimagenet/vnnlib/TinyImageNet_resnet_medium_prop_idx_2711_sidx_1466_eps_0.0039.vnnlib,46.768864337,run_instance_timeout,160.005066918
tinyimagenet,vnncomp2024_benchmarks/benchmarks/tinyimagenet/onnx/TinyImageNet_resnet_medium.onnx,vnncomp2024_benchmarks/benchmarks/tinyimagenet/vnnlib/TinyImageNet_resnet_medium_prop_idx_1733_sidx_5415_eps_0.0039.vnnlib,46.860442092,run_instance_timeout,160.005130142
tinyimagenet,vnncomp2024_benchmarks/benchmarks/tinyimagenet/onnx/TinyImageNet_resnet_medium.onnx,vnncomp2024_benchmarks/benchmarks/tinyimagenet/vnnlib/TinyImageNet_resnet_medium_prop_idx_1550_sidx_7671_eps_0.0039.vnnlib,46.884392707,run_instance_timeout,160.005230957
tinyimagenet,vnncomp2024_benchmarks/benchmarks/tinyimagenet/onnx/TinyImageNet_resnet_medium.onnx,vnncomp2024_benchmarks/benchmarks/tinyimagenet/vnnlib/TinyImageNet_resnet_medium_prop_idx_3373_sidx_5926_eps_0.0039.vnnlib,46.613791123,run_instance_timeout,160.005336043
tinyimagenet,vnncomp2024_benchmarks/benchmarks/tinyimagenet/onnx/TinyImageNet_resnet_medium.onnx,vnncomp2024_benchmarks/benchmarks/tinyimagenet/vnnlib/TinyImageNet_resnet_medium_prop_idx_1417_sidx_8632_eps_0.0039.vnnlib,46.306466893,run_instance_timeout,160.005146055
tinyimagenet,vnncomp2024_benchmarks/benchmarks/tinyimagenet/onnx/TinyImageNet_resnet_medium.onnx,vnncomp2024_benchmarks/benchmarks/tinyimagenet/vnnlib/TinyImageNet_resnet_medium_prop_idx_9600_sidx_3536_eps_0.0039.vnnlib,46.557741057,run_instance_timeout,160.005386657
tinyimagenet,vnncomp2024_benchmarks/benchmarks/tinyimagenet/onnx/TinyImageNet_resnet_medium.onnx,vnncomp2024_benchmarks/benchmarks/tinyimagenet/vnnlib/TinyImageNet_resnet_medium_prop_idx_4572_sidx_2108_eps_0.0039.vnnlib,46.456616448,run_instance_timeout,160.005039908
tinyimagenet,vnncomp2024_benchmarks/benchmarks/tinyimagenet/onnx/TinyImageNet_resnet_medium.onnx,vnncomp2024_benchmarks/benchmarks/tinyimagenet/vnnlib/TinyImageNet_resnet_medium_prop_idx_2053_sidx_9323_eps_0.0039.vnnlib,46.263799750,run_instance_timeout,160.004841681
tinyimagenet,vnncomp2024_benchmarks/benchmarks/tinyimagenet/onnx/TinyImageNet_resnet_medium.onnx,vnncomp2024_benchmarks/benchmarks/tinyimagenet/vnnlib/TinyImageNet_resnet_medium_prop_idx_6147_sidx_35_eps_0.0039.vnnlib,46.648592644,run_instance_timeout,160.005284009
tinyimagenet,vnncomp2024_benchmarks/benchmarks/tinyimagenet/onnx/TinyImageNet_resnet_medium.onnx,vnncomp2024_benchmarks/benchmarks/tinyimagenet/vnnlib/TinyImageNet_resnet_medium_prop_idx_1986_sidx_9516_eps_0.0039.vnnlib,46.704435794,run_instance_timeout,160.005498079
tinyimagenet,vnncomp2024_benchmarks/benchmarks/tinyimagenet/onnx/TinyImageNet_resnet_medium.onnx,vnncomp2024_benchmarks/benchmarks/tinyimagenet/vnnlib/TinyImageNet_resnet_medium_prop_idx_6755_sidx_2653_eps_0.0039.vnnlib,47.002492207,run_instance_timeout,160.004762031
tinyimagenet,vnncomp2024_benchmarks/benchmarks/tinyimagenet/onnx/TinyImageNet_resnet_medium.onnx,vnncomp2024_benchmarks/benchmarks/tinyimagenet/vnnlib/TinyImageNet_resnet_medium_prop_idx_5982_sidx_4177_eps_0.0039.vnnlib,46.588103791,sat,78.530292436
tinyimagenet,vnncomp2024_benchmarks/benchmarks/tinyimagenet/onnx/TinyImageNet_resnet_medium.onnx,vnncomp2024_benchmarks/benchmarks/tinyimagenet/vnnlib/TinyImageNet_resnet_medium_prop_idx_7193_sidx_3486_eps_0.0039.vnnlib,46.525161565,sat,43.326710194
tinyimagenet,vnncomp2024_benchmarks/benchmarks/tinyimagenet/onnx/TinyImageNet_resnet_medium.onnx,vnncomp2024_benchmarks/benchmarks/tinyimagenet/vnnlib/TinyImageNet_resnet_medium_prop_idx_9013_sidx_9657_eps_0.0039.vnnlib,46.294908968,run_instance_timeout,160.005135516
tinyimagenet,vnncomp2024_benchmarks/benchmarks/tinyimagenet/onnx/TinyImageNet_resnet_medium.onnx,vnncomp2024_benchmarks/benchmarks/tinyimagenet/vnnlib/TinyImageNet_resnet_medium_prop_idx_1058_sidx_5209_eps_0.0039.vnnlib,46.951555491,run_instance_timeout,160.005094259
tinyimagenet,vnncomp2024_benchmarks/benchmarks/tinyimagenet/onnx/TinyImageNet_resnet_medium.onnx,vnncomp2024_benchmarks/benchmarks/tinyimagenet/vnnlib/TinyImageNet_resnet_medium_prop_idx_8186_sidx_1858_eps_0.0039.vnnlib,46.719790564,run_instance_timeout,160.005187735
tinyimagenet,vnncomp2024_benchmarks/benchmarks/tinyimagenet/onnx/TinyImageNet_resnet_medium.onnx,vnncomp2024_benchmarks/benchmarks/tinyimagenet/vnnlib/TinyImageNet_resnet_medium_prop_idx_6628_sidx_8822_eps_0.0039.vnnlib,46.509938030,run_instance_timeout,160.005134732
tinyimagenet,vnncomp2024_benchmarks/benchmarks/tinyimagenet/onnx/TinyImageNet_resnet_medium.onnx,vnncomp2024_benchmarks/benchmarks/tinyimagenet/vnnlib/TinyImageNet_resnet_medium_prop_idx_7078_sidx_5928_eps_0.0039.vnnlib,46.622488487,run_instance_timeout,160.005074999
tinyimagenet,vnncomp2024_benchmarks/benchmarks/tinyimagenet/onnx/TinyImageNet_resnet_medium.onnx,vnncomp2024_benchmarks/benchmarks/tinyimagenet/vnnlib/TinyImageNet_resnet_medium_prop_idx_4945_sidx_4616_eps_0.0039.vnnlib,47.387409686,run_instance_timeout,160.005445165
tinyimagenet,vnncomp2024_benchmarks/benchmarks/tinyimagenet/onnx/TinyImageNet_resnet_medium.onnx,vnncomp2024_benchmarks/benchmarks/tinyimagenet/vnnlib/TinyImageNet_resnet_medium_prop_idx_7575_sidx_6502_eps_0.0039.vnnlib,47.048993077,run_instance_timeout,160.005195384
tinyimagenet,vnncomp2024_benchmarks/benchmarks/tinyimagenet/onnx/TinyImageNet_resnet_medium.onnx,vnncomp2024_benchmarks/benchmarks/tinyimagenet/vnnlib/TinyImageNet_resnet_medium_prop_idx_1175_sidx_7775_eps_0.0039.vnnlib,46.483216634,run_instance_timeout,160.005296924
tinyimagenet,vnncomp2024_benchmarks/benchmarks/tinyimagenet/onnx/TinyImageNet_resnet_medium.onnx,vnncomp2024_benchmarks/benchmarks/tinyimagenet/vnnlib/TinyImageNet_resnet_medium_prop_idx_2212_sidx_6450_eps_0.0039.vnnlib,46.782948069,run_instance_timeout,160.005257502
tinyimagenet,vnncomp2024_benchmarks/benchmarks/tinyimagenet/onnx/TinyImageNet_resnet_medium.onnx,vnncomp2024_benchmarks/benchmarks/tinyimagenet/vnnlib/TinyImageNet_resnet_medium_prop_idx_2159_sidx_9504_eps_0.0039.vnnlib,46.576696070,run_instance_timeout,160.004640828
tinyimagenet,vnncomp2024_benchmarks/benchmarks/tinyimagenet/onnx/TinyImageNet_resnet_medium.onnx,vnncomp2024_benchmarks/benchmarks/tinyimagenet/vnnlib/TinyImageNet_resnet_medium_prop_idx_5440_sidx_1808_eps_0.0039.vnnlib,46.379214988,run_instance_timeout,160.005450512
tinyimagenet,vnncomp2024_benchmarks/benchmarks/tinyimagenet/onnx/TinyImageNet_resnet_medium.onnx,vnncomp2024_benchmarks/benchmarks/tinyimagenet/vnnlib/TinyImageNet_resnet_medium_prop_idx_4086_sidx_4548_eps_0.0039.vnnlib,46.743174910,sat,16.175036674
tinyimagenet,vnncomp2024_benchmarks/benchmarks/tinyimagenet/onnx/TinyImageNet_resnet_medium.onnx,vnncomp2024_benchmarks/benchmarks/tinyimagenet/vnnlib/TinyImageNet_resnet_medium_prop_idx_4057_sidx_8514_eps_0.0039.vnnlib,46.580951681,run_instance_timeout,160.005206259
tinyimagenet,vnncomp2024_benchmarks/benchmarks/tinyimagenet/onnx/TinyImageNet_resnet_medium.onnx,vnncomp2024_benchmarks/benchmarks/tinyimagenet/vnnlib/TinyImageNet_resnet_medium_prop_idx_233_sidx_127_eps_0.0039.vnnlib,46.988806785,run_instance_timeout,160.005056084
tinyimagenet,vnncomp2024_benchmarks/benchmarks/tinyimagenet/onnx/TinyImageNet_resnet_medium.onnx,vnncomp2024_benchmarks/benchmarks/tinyimagenet/vnnlib/TinyImageNet_resnet_medium_prop_idx_7583_sidx_4674_eps_0.0039.vnnlib,46.413120648,sat,3.099441473
tinyimagenet,vnncomp2024_benchmarks/benchmarks/tinyimagenet/onnx/TinyImageNet_resnet_medium.onnx,vnncomp2024_benchmarks/benchmarks/tinyimagenet/vnnlib/TinyImageNet_resnet_medium_prop_idx_9595_sidx_2951_eps_0.0039.vnnlib,46.654475294,run_instance_timeout,160.005435669
tinyimagenet,vnncomp2024_benchmarks/benchmarks/tinyimagenet/onnx/TinyImageNet_resnet_medium.onnx,vnncomp2024_benchmarks/benchmarks/tinyimagenet/vnnlib/TinyImageNet_resnet_medium_prop_idx_5232_sidx_8001_eps_0.0039.vnnlib,47.030934645,run_instance_timeout,160.004566316
tinyimagenet,vnncomp2024_benchmarks/benchmarks/tinyimagenet/onnx/TinyImageNet_resnet_medium.onnx,vnncomp2024_benchmarks/benchmarks/tinyimagenet/vnnlib/TinyImageNet_resnet_medium_prop_idx_1411_sidx_3601_eps_0.0039.vnnlib,46.350320911,run_instance_timeout,160.005339912
tinyimagenet,vnncomp2024_benchmarks/benchmarks/tinyimagenet/onnx/TinyImageNet_resnet_medium.onnx,vnncomp2024_benchmarks/benchmarks/tinyimagenet/vnnlib/TinyImageNet_resnet_medium_prop_idx_7209_sidx_9753_eps_0.0039.vnnlib,46.666680289,run_instance_timeout,160.004927231
tinyimagenet,vnncomp2024_benchmarks/benchmarks/tinyimagenet/onnx/TinyImageNet_resnet_medium.onnx,vnncomp2024_benchmarks/benchmarks/tinyimagenet/vnnlib/TinyImageNet_resnet_medium_prop_idx_2820_sidx_1334_eps_0.0039.vnnlib,46.608932972,run_instance_timeout,160.005048180
tinyimagenet,vnncomp2024_benchmarks/benchmarks/tinyimagenet/onnx/TinyImageNet_resnet_medium.onnx,vnncomp2024_benchmarks/benchmarks/tinyimagenet/vnnlib/TinyImageNet_resnet_medium_prop_idx_2908_sidx_3802_eps_0.0039.vnnlib,46.601641343,run_instance_timeout,160.005110997
tinyimagenet,vnncomp2024_benchmarks/benchmarks/tinyimagenet/onnx/TinyImageNet_resnet_medium.onnx,vnncomp2024_benchmarks/benchmarks/tinyimagenet/vnnlib/TinyImageNet_resnet_medium_prop_idx_2483_sidx_173_eps_0.0039.vnnlib,46.605448441,sat,1.090181409
tinyimagenet,vnncomp2024_benchmarks/benchmarks/tinyimagenet/onnx/TinyImageNet_resnet_medium.onnx,vnncomp2024_benchmarks/benchmarks/tinyimagenet/vnnlib/TinyImageNet_resnet_medium_prop_idx_2614_sidx_8153_eps_0.0039.vnnlib,46.830794903,run_instance_timeout,160.004786618
tinyimagenet,vnncomp2024_benchmarks/benchmarks/tinyimagenet/onnx/TinyImageNet_resnet_medium.onnx,vnncomp2024_benchmarks/benchmarks/tinyimagenet/vnnlib/TinyImageNet_resnet_medium_prop_idx_5095_sidx_8655_eps_0.0039.vnnlib,46.552581313,run_instance_timeout,160.005169145
tinyimagenet,vnncomp2024_benchmarks/benchmarks/tinyimagenet/onnx/TinyImageNet_resnet_medium.onnx,vnncomp2024_benchmarks/benchmarks/tinyimagenet/vnnlib/TinyImageNet_resnet_medium_prop_idx_1359_sidx_7221_eps_0.0039.vnnlib,46.890857026,run_instance_timeout,160.005275709
tinyimagenet,vnncomp2024_benchmarks/benchmarks/tinyimagenet/onnx/TinyImageNet_resnet_medium.onnx,vnncomp2024_benchmarks/benchmarks/tinyimagenet/vnnlib/TinyImageNet_resnet_medium_prop_idx_321_sidx_2596_eps_0.0039.vnnlib,46.560417581,run_instance_timeout,160.005201804
tinyimagenet,vnncomp2024_benchmarks/benchmarks/tinyimagenet/onnx/TinyImageNet_resnet_medium.onnx,vnncomp2024_benchmarks/benchmarks/tinyimagenet/vnnlib/TinyImageNet_resnet_medium_prop_idx_6228_sidx_7979_eps_0.0039.vnnlib,46.709532928,sat,4.109402249
tinyimagenet,vnncomp2024_benchmarks/benchmarks/tinyimagenet/onnx/TinyImageNet_resnet_medium.onnx,vnncomp2024_benchmarks/benchmarks/tinyimagenet/vnnlib/TinyImageNet_resnet_medium_prop_idx_4709_sidx_8110_eps_0.0039.vnnlib,46.550913571,run_instance_timeout,160.005337250
tinyimagenet,vnncomp2024_benchmarks/benchmarks/tinyimagenet/onnx/TinyImageNet_resnet_medium.onnx,vnncomp2024_benchmarks/benchmarks/tinyimagenet/vnnlib/TinyImageNet_resnet_medium_prop_idx_270_sidx_5414_eps_0.0039.vnnlib,46.877554267,run_instance_timeout,160.005163807
tinyimagenet,vnncomp2024_benchmarks/benchmarks/tinyimagenet/onnx/TinyImageNet_resnet_medium.onnx,vnncomp2024_benchmarks/benchmarks/tinyimagenet/vnnlib/TinyImageNet_resnet_medium_prop_idx_7109_sidx_4074_eps_0.0039.vnnlib,46.676385913,run_instance_timeout,160.005312398
tinyimagenet,vnncomp2024_benchmarks/benchmarks/tinyimagenet/onnx/TinyImageNet_resnet_medium.onnx,vnncomp2024_benchmarks/benchmarks/tinyimagenet/vnnlib/TinyImageNet_resnet_medium_prop_idx_782_sidx_6135_eps_0.0039.vnnlib,46.842525894,run_instance_timeout,160.005088321
tinyimagenet,vnncomp2024_benchmarks/benchmarks/tinyimagenet/onnx/TinyImageNet_resnet_medium.onnx,vnncomp2024_benchmarks/benchmarks/tinyimagenet/vnnlib/TinyImageNet_resnet_medium_prop_idx_7564_sidx_5708_eps_0.0039.vnnlib,46.765936162,sat,4.106406468
tinyimagenet,vnncomp2024_benchmarks/benchmarks/tinyimagenet/onnx/TinyImageNet_resnet_medium.onnx,vnncomp2024_benchmarks/benchmarks/tinyimagenet/vnnlib/TinyImageNet_resnet_medium_prop_idx_5591_sidx_6464_eps_0.0039.vnnlib,46.991588630,run_instance_timeout,160.005108590
tinyimagenet,vnncomp2024_benchmarks/benchmarks/tinyimagenet/onnx/TinyImageNet_resnet_medium.onnx,vnncomp2024_benchmarks/benchmarks/tinyimagenet/vnnlib/TinyImageNet_resnet_medium_prop_idx_5673_sidx_6615_eps_0.0039.vnnlib,46.620693153,run_instance_timeout,160.005540831
tinyimagenet,vnncomp2024_benchmarks/benchmarks/tinyimagenet/onnx/TinyImageNet_resnet_medium.onnx,vnncomp2024_benchmarks/benchmarks/tinyimagenet/vnnlib/TinyImageNet_resnet_medium_prop_idx_4726_sidx_5177_eps_0.0039.vnnlib,46.658248471,run_instance_timeout,160.005109007
tinyimagenet,vnncomp2024_benchmarks/benchmarks/tinyimagenet/onnx/TinyImageNet_resnet_medium.onnx,vnncomp2024_benchmarks/benchmarks/tinyimagenet/vnnlib/TinyImageNet_resnet_medium_prop_idx_3798_sidx_3627_eps_0.0039.vnnlib,46.845658861,sat,5.113403000
tinyimagenet,vnncomp2024_benchmarks/benchmarks/tinyimagenet/onnx/TinyImageNet_resnet_medium.onnx,vnncomp2024_benchmarks/benchmarks/tinyimagenet/vnnlib/TinyImageNet_resnet_medium_prop_idx_5216_sidx_9450_eps_0.0039.vnnlib,46.689036795,sat,3.102006024
tinyimagenet,vnncomp2024_benchmarks/benchmarks/tinyimagenet/onnx/TinyImageNet_resnet_medium.onnx,vnncomp2024_benchmarks/benchmarks/tinyimagenet/vnnlib/TinyImageNet_resnet_medium_prop_idx_3437_sidx_2708_eps_0.0039.vnnlib,46.537477144,sat,42.327071087
tinyimagenet,vnncomp2024_benchmarks/benchmarks/tinyimagenet/onnx/TinyImageNet_resnet_medium.onnx,vnncomp2024_benchmarks/benchmarks/tinyimagenet/vnnlib/TinyImageNet_resnet_medium_prop_idx_2448_sidx_6943_eps_0.0039.vnnlib,46.728989574,run_instance_timeout,160.005038286
tinyimagenet,vnncomp2024_benchmarks/benchmarks/tinyimagenet/onnx/TinyImageNet_resnet_medium.onnx,vnncomp2024_benchmarks/benchmarks/tinyimagenet/vnnlib/TinyImageNet_resnet_medium_prop_idx_57_sidx_9858_eps_0.0039.vnnlib,46.758117923,run_instance_timeout,160.005169670
tinyimagenet,vnncomp2024_benchmarks/benchmarks/tinyimagenet/onnx/TinyImageNet_resnet_medium.onnx,vnncomp2024_benchmarks/benchmarks/tinyimagenet/vnnlib/TinyImageNet_resnet_medium_prop_idx_7856_sidx_8402_eps_0.0039.vnnlib,46.603105830,run_instance_timeout,160.005434839
tinyimagenet,vnncomp2024_benchmarks/benchmarks/tinyimagenet/onnx/TinyImageNet_resnet_medium.onnx,vnncomp2024_benchmarks/benchmarks/tinyimagenet/vnnlib/TinyImageNet_resnet_medium_prop_idx_1933_sidx_9361_eps_0.0039.vnnlib,46.668773269,run_instance_timeout,160.005175718
tinyimagenet,vnncomp2024_benchmarks/benchmarks/tinyimagenet/onnx/TinyImageNet_resnet_medium.onnx,vnncomp2024_benchmarks/benchmarks/tinyimagenet/vnnlib/TinyImageNet_resnet_medium_prop_idx_6391_sidx_336_eps_0.0039.vnnlib,46.647224439,run_instance_timeout,160.005451110
tinyimagenet,vnncomp2024_benchmarks/benchmarks/tinyimagenet/onnx/TinyImageNet_resnet_medium.onnx,vnncomp2024_benchmarks/benchmarks/tinyimagenet/vnnlib/TinyImageNet_resnet_medium_prop_idx_6397_sidx_4408_eps_0.0039.vnnlib,46.543665203,run_instance_timeout,160.005343733
tinyimagenet,vnncomp2024_benchmarks/benchmarks/tinyimagenet/onnx/TinyImageNet_resnet_medium.onnx,vnncomp2024_benchmarks/benchmarks/tinyimagenet/vnnlib/TinyImageNet_resnet_medium_prop_idx_1923_sidx_9398_eps_0.0039.vnnlib,46.555229129,run_instance_timeout,160.005061075
tinyimagenet,vnncomp2024_benchmarks/benchmarks/tinyimagenet/onnx/TinyImageNet_resnet_medium.onnx,vnncomp2024_benchmarks/benchmarks/tinyimagenet/vnnlib/TinyImageNet_resnet_medium_prop_idx_7709_sidx_8188_eps_0.0039.vnnlib,46.634008865,run_instance_timeout,160.005499595
tinyimagenet,vnncomp2024_benchmarks/benchmarks/tinyimagenet/onnx/TinyImageNet_resnet_medium.onnx,vnncomp2024_benchmarks/benchmarks/tinyimagenet/vnnlib/TinyImageNet_resnet_medium_prop_idx_4087_sidx_6984_eps_0.0039.vnnlib,46.673160365,run_instance_timeout,160.005270531
tinyimagenet,vnncomp2024_benchmarks/benchmarks/tinyimagenet/onnx/TinyImageNet_resnet_medium.onnx,vnncomp2024_benchmarks/benchmarks/tinyimagenet/vnnlib/TinyImageNet_resnet_medium_prop_idx_1527_sidx_2130_eps_0.0039.vnnlib,47.256380060,run_instance_timeout,160.004997149
tinyimagenet,vnncomp2024_benchmarks/benchmarks/tinyimagenet/onnx/TinyImageNet_resnet_medium.onnx,vnncomp2024_benchmarks/benchmarks/tinyimagenet/vnnlib/TinyImageNet_resnet_medium_prop_idx_7946_sidx_1068_eps_0.0039.vnnlib,46.502107294,run_instance_timeout,160.005238732
tinyimagenet,vnncomp2024_benchmarks/benchmarks/tinyimagenet/onnx/TinyImageNet_resnet_medium.onnx,vnncomp2024_benchmarks/benchmarks/tinyimagenet/vnnlib/TinyImageNet_resnet_medium_prop_idx_9871_sidx_3794_eps_0.0039.vnnlib,46.560296120,run_instance_timeout,160.005266083
tinyimagenet,vnncomp2024_benchmarks/benchmarks/tinyimagenet/onnx/TinyImageNet_resnet_medium.onnx,vnncomp2024_benchmarks/benchmarks/tinyimagenet/vnnlib/TinyImageNet_resnet_medium_prop_idx_8524_sidx_7247_eps_0.0039.vnnlib,46.463067949,run_instance_timeout,160.005356639
tinyimagenet,vnncomp2024_benchmarks/benchmarks/tinyimagenet/onnx/TinyImageNet_resnet_medium.onnx,vnncomp2024_benchmarks/benchmarks/tinyimagenet/vnnlib/TinyImageNet_resnet_medium_prop_idx_4213_sidx_1247_eps_0.0039.vnnlib,47.077485764,run_instance_timeout,160.005229917
tinyimagenet,vnncomp2024_benchmarks/benchmarks/tinyimagenet/onnx/TinyImageNet_resnet_medium.onnx,vnncomp2024_benchmarks/benchmarks/tinyimagenet/vnnlib/TinyImageNet_resnet_medium_prop_idx_6412_sidx_6140_eps_0.0039.vnnlib,46.851601159,run_instance_timeout,160.005396188
tinyimagenet,vnncomp2024_benchmarks/benchmarks/tinyimagenet/onnx/TinyImageNet_resnet_medium.onnx,vnncomp2024_benchmarks/benchmarks/tinyimagenet/vnnlib/TinyImageNet_resnet_medium_prop_idx_275_sidx_6332_eps_0.0039.vnnlib,46.999720591,run_instance_timeout,160.005126053
tinyimagenet,vnncomp2024_benchmarks/benchmarks/tinyimagenet/onnx/TinyImageNet_resnet_medium.onnx,vnncomp2024_benchmarks/benchmarks/tinyimagenet/vnnlib/TinyImageNet_resnet_medium_prop_idx_484_sidx_161_eps_0.0039.vnnlib,46.556900954,run_instance_timeout,160.005159279
tinyimagenet,vnncomp2024_benchmarks/benchmarks/tinyimagenet/onnx/TinyImageNet_resnet_medium.onnx,vnncomp2024_benchmarks/benchmarks/tinyimagenet/vnnlib/TinyImageNet_resnet_medium_prop_idx_3275_sidx_6624_eps_0.0039.vnnlib,46.566294073,run_instance_timeout,160.005173121
tinyimagenet,vnncomp2024_benchmarks/benchmarks/tinyimagenet/onnx/TinyImageNet_resnet_medium.onnx,vnncomp2024_benchmarks/benchmarks/tinyimagenet/vnnlib/TinyImageNet_resnet_medium_prop_idx_6339_sidx_7609_eps_0.0039.vnnlib,46.540166663,run_instance_timeout,160.005530812
tinyimagenet,vnncomp2024_benchmarks/benchmarks/tinyimagenet/onnx/TinyImageNet_resnet_medium.onnx,vnncomp2024_benchmarks/benchmarks/tinyimagenet/vnnlib/TinyImageNet_resnet_medium_prop_idx_4389_sidx_7059_eps_0.0039.vnnlib,46.665537260,run_instance_timeout,160.005352790
tinyimagenet,vnncomp2024_benchmarks/benchmarks/tinyimagenet/onnx/TinyImageNet_resnet_medium.onnx,vnncomp2024_benchmarks/benchmarks/tinyimagenet/vnnlib/TinyImageNet_resnet_medium_prop_idx_6385_sidx_90_eps_0.0039.vnnlib,46.809014318,run_instance_timeout,160.005117539
tinyimagenet,vnncomp2024_benchmarks/benchmarks/tinyimagenet/onnx/TinyImageNet_resnet_medium.onnx,vnncomp2024_benchmarks/benchmarks/tinyimagenet/vnnlib/TinyImageNet_resnet_medium_prop_idx_8680_sidx_7647_eps_0.0039.vnnlib,46.622515757,run_instance_timeout,160.005308262
tinyimagenet,vnncomp2024_benchmarks/benchmarks/tinyimagenet/onnx/TinyImageNet_resnet_medium.onnx,vnncomp2024_benchmarks/benchmarks/tinyimagenet/vnnlib/TinyImageNet_resnet_medium_prop_idx_3452_sidx_862_eps_0.0039.vnnlib,46.496538984,sat,3.101443371
tinyimagenet,vnncomp2024_benchmarks/benchmarks/tinyimagenet/onnx/TinyImageNet_resnet_medium.onnx,vnncomp2024_benchmarks/benchmarks/tinyimagenet/vnnlib/TinyImageNet_resnet_medium_prop_idx_5206_sidx_1932_eps_0.0039.vnnlib,47.063021395,sat,4.110199914
tinyimagenet,vnncomp2024_benchmarks/benchmarks/tinyimagenet/onnx/TinyImageNet_resnet_medium.onnx,vnncomp2024_benchmarks/benchmarks/tinyimagenet/vnnlib/TinyImageNet_resnet_medium_prop_idx_9612_sidx_8923_eps_0.0039.vnnlib,46.684466819,run_instance_timeout,160.005386640
tinyimagenet,vnncomp2024_benchmarks/benchmarks/tinyimagenet/onnx/TinyImageNet_resnet_medium.onnx,vnncomp2024_benchmarks/benchmarks/tinyimagenet/vnnlib/TinyImageNet_resnet_medium_prop_idx_6931_sidx_2337_eps_0.0039.vnnlib,46.641059464,run_instance_timeout,160.005473780
tinyimagenet,vnncomp2024_benchmarks/benchmarks/tinyimagenet/onnx/TinyImageNet_resnet_medium.onnx,vnncomp2024_benchmarks/benchmarks/tinyimagenet/vnnlib/TinyImageNet_resnet_medium_prop_idx_1009_sidx_9780_eps_0.0039.vnnlib,47.886094143,run_instance_timeout,160.005248348
tinyimagenet,vnncomp2024_benchmarks/benchmarks/tinyimagenet/onnx/TinyImageNet_resnet_medium.onnx,vnncomp2024_benchmarks/benchmarks/tinyimagenet/vnnlib/TinyImageNet_resnet_medium_prop_idx_2012_sidx_2419_eps_0.0039.vnnlib,47.026633660,run_instance_timeout,160.005322615
tinyimagenet,vnncomp2024_benchmarks/benchmarks/tinyimagenet/onnx/TinyImageNet_resnet_medium.onnx,vnncomp2024_benchmarks/benchmarks/tinyimagenet/vnnlib/TinyImageNet_resnet_medium_prop_idx_8472_sidx_7499_eps_0.0039.vnnlib,46.905683533,run_instance_timeout,160.005047345
tinyimagenet,vnncomp2024_benchmarks/benchmarks/tinyimagenet/onnx/TinyImageNet_resnet_medium.onnx,vnncomp2024_benchmarks/benchmarks/tinyimagenet/vnnlib/TinyImageNet_resnet_medium_prop_idx_1134_sidx_5880_eps_0.0039.vnnlib,46.516329793,run_instance_timeout,160.005275137
tinyimagenet,vnncomp2024_benchmarks/benchmarks/tinyimagenet/onnx/TinyImageNet_resnet_medium.onnx,vnncomp2024_benchmarks/benchmarks/tinyimagenet/vnnlib/TinyImageNet_resnet_medium_prop_idx_1798_sidx_1061_eps_0.0039.vnnlib,46.309503041,sat,3.099880101
tinyimagenet,vnncomp2024_benchmarks/benchmarks/tinyimagenet/onnx/TinyImageNet_resnet_medium.onnx,vnncomp2024_benchmarks/benchmarks/tinyimagenet/vnnlib/TinyImageNet_resnet_medium_prop_idx_971_sidx_4800_eps_0.0039.vnnlib,46.897700673,run_instance_timeout,160.004621200
tinyimagenet,vnncomp2024_benchmarks/benchmarks/tinyimagenet/onnx/TinyImageNet_resnet_medium.onnx,vnncomp2024_benchmarks/benchmarks/tinyimagenet/vnnlib/TinyImageNet_resnet_medium_prop_idx_8043_sidx_500_eps_0.0039.vnnlib,46.348353597,run_instance_timeout,160.005118716
tinyimagenet,vnncomp2024_benchmarks/benchmarks/tinyimagenet/onnx/TinyImageNet_resnet_medium.onnx,vnncomp2024_benchmarks/benchmarks/tinyimagenet/vnnlib/TinyImageNet_resnet_medium_prop_idx_8042_sidx_9227_eps_0.0039.vnnlib,46.409379083,run_instance_timeout,160.004846768
tinyimagenet,vnncomp2024_benchmarks/benchmarks/tinyimagenet/onnx/TinyImageNet_resnet_medium.onnx,vnncomp2024_benchmarks/benchmarks/tinyimagenet/vnnlib/TinyImageNet_resnet_medium_prop_idx_6597_sidx_4088_eps_0.0039.vnnlib,46.775475028,run_instance_timeout,160.005171743
tinyimagenet,vnncomp2024_benchmarks/benchmarks/tinyimagenet/onnx/TinyImageNet_resnet_medium.onnx,vnncomp2024_benchmarks/benchmarks/tinyimagenet/vnnlib/TinyImageNet_resnet_medium_prop_idx_6923_sidx_8593_eps_0.0039.vnnlib,46.578305609,run_instance_timeout,160.005262459
tinyimagenet,vnncomp2024_benchmarks/benchmarks/tinyimagenet/onnx/TinyImageNet_resnet_medium.onnx,vnncomp2024_benchmarks/benchmarks/tinyimagenet/vnnlib/TinyImageNet_resnet_medium_prop_idx_9998_sidx_4182_eps_0.0039.vnnlib,46.720462974,run_instance_timeout,160.004998450
tinyimagenet,vnncomp2024_benchmarks/benchmarks/tinyimagenet/onnx/TinyImageNet_resnet_medium.onnx,vnncomp2024_benchmarks/benchmarks/tinyimagenet/vnnlib/TinyImageNet_resnet_medium_prop_idx_5743_sidx_6569_eps_0.0039.vnnlib,46.597500808,run_instance_timeout,160.004854391
tinyimagenet,vnncomp2024_benchmarks/benchmarks/tinyimagenet/onnx/TinyImageNet_resnet_medium.onnx,vnncomp2024_benchmarks/benchmarks/tinyimagenet/vnnlib/TinyImageNet_resnet_medium_prop_idx_5560_sidx_5477_eps_0.0039.vnnlib,46.994380437,run_instance_timeout,160.005163573
tinyimagenet,vnncomp2024_benchmarks/benchmarks/tinyimagenet/onnx/TinyImageNet_resnet_medium.onnx,vnncomp2024_benchmarks/benchmarks/tinyimagenet/vnnlib/TinyImageNet_resnet_medium_prop_idx_3071_sidx_474_eps_0.0039.vnnlib,46.921758701,run_instance_timeout,160.005253617
tinyimagenet,vnncomp2024_benchmarks/benchmarks/tinyimagenet/onnx/TinyImageNet_resnet_medium.onnx,vnncomp2024_benchmarks/benchmarks/tinyimagenet/vnnlib/TinyImageNet_resnet_medium_prop_idx_5676_sidx_9851_eps_0.0039.vnnlib,46.891992947,run_instance_timeout,160.005296797
tinyimagenet,vnncomp2024_benchmarks/benchmarks/tinyimagenet/onnx/TinyImageNet_resnet_medium.onnx,vnncomp2024_benchmarks/benchmarks/tinyimagenet/vnnlib/TinyImageNet_resnet_medium_prop_idx_9345_sidx_6696_eps_0.0039.vnnlib,46.461438446,run_instance_timeout,160.005411917
tinyimagenet,vnncomp2024_benchmarks/benchmarks/tinyimagenet/onnx/TinyImageNet_resnet_medium.onnx,vnncomp2024_benchmarks/benchmarks/tinyimagenet/vnnlib/TinyImageNet_resnet_medium_prop_idx_6379_sidx_4603_eps_0.0039.vnnlib,47.975804657,run_instance_timeout,160.005570318
tinyimagenet,vnncomp2024_benchmarks/benchmarks/tinyimagenet/onnx/TinyImageNet_resnet_medium.onnx,vnncomp2024_benchmarks/benchmarks/tinyimagenet/vnnlib/TinyImageNet_resnet_medium_prop_idx_1514_sidx_2541_eps_0.0039.vnnlib,46.778381248,run_instance_timeout,160.005002644
tinyimagenet,vnncomp2024_benchmarks/benchmarks/tinyimagenet/onnx/TinyImageNet_resnet_medium.onnx,vnncomp2024_benchmarks/benchmarks/tinyimagenet/vnnlib/TinyImageNet_resnet_medium_prop_idx_9483_sidx_7908_eps_0.0039.vnnlib,46.567471922,run_instance_timeout,160.005234952
tinyimagenet,vnncomp2024_benchmarks/benchmarks/tinyimagenet/onnx/TinyImageNet_resnet_medium.onnx,vnncomp2024_benchmarks/benchmarks/tinyimagenet/vnnlib/TinyImageNet_resnet_medium_prop_idx_9417_sidx_5438_eps_0.0039.vnnlib,46.882616231,run_instance_timeout,160.005192762
tinyimagenet,vnncomp2024_benchmarks/benchmarks/tinyimagenet/onnx/TinyImageNet_resnet_medium.onnx,vnncomp2024_benchmarks/benchmarks/tinyimagenet/vnnlib/TinyImageNet_resnet_medium_prop_idx_536_sidx_7699_eps_0.0039.vnnlib,46.919858454,run_instance_timeout,160.005210303
tinyimagenet,vnncomp2024_benchmarks/benchmarks/tinyimagenet/onnx/TinyImageNet_resnet_medium.onnx,vnncomp2024_benchmarks/benchmarks/tinyimagenet/vnnlib/TinyImageNet_resnet_medium_prop_idx_4171_sidx_705_eps_0.0039.vnnlib,46.695228694,sat,6.119000222
tinyimagenet,vnncomp2024_benchmarks/benchmarks/tinyimagenet/onnx/TinyImageNet_resnet_medium.onnx,vnncomp2024_benchmarks/benchmarks/tinyimagenet/vnnlib/TinyImageNet_resnet_medium_prop_idx_706_sidx_1037_eps_0.0039.vnnlib,46.585721760,run_instance_timeout,160.005215853
tinyimagenet,vnncomp2024_benchmarks/benchmarks/tinyimagenet/onnx/TinyImageNet_resnet_medium.onnx,vnncomp2024_benchmarks/benchmarks/tinyimagenet/vnnlib/TinyImageNet_resnet_medium_prop_idx_4776_sidx_19_eps_0.0039.vnnlib,46.581743951,run_instance_timeout,160.005277138
tinyimagenet,vnncomp2024_benchmarks/benchmarks/tinyimagenet/onnx/TinyImageNet_resnet_medium.onnx,vnncomp2024_benchmarks/benchmarks/tinyimagenet/vnnlib/TinyImageNet_resnet_medium_prop_idx_8288_sidx_307_eps_0.0039.vnnlib,46.817878372,sat,77.539719902
tinyimagenet,vnncomp2024_benchmarks/benchmarks/tinyimagenet/onnx/TinyImageNet_resnet_medium.onnx,vnncomp2024_benchmarks/benchmarks/tinyimagenet/vnnlib/TinyImageNet_resnet_medium_prop_idx_4789_sidx_8239_eps_0.0039.vnnlib,46.776177949,run_instance_timeout,160.005324028
tinyimagenet,vnncomp2024_benchmarks/benchmarks/tinyimagenet/onnx/TinyImageNet_resnet_medium.onnx,vnncomp2024_benchmarks/benchmarks/tinyimagenet/vnnlib/TinyImageNet_resnet_medium_prop_idx_2763_sidx_5006_eps_0.0039.vnnlib,46.850951541,sat,4.106057202
tinyimagenet,vnncomp2024_benchmarks/benchmarks/tinyimagenet/onnx/TinyImageNet_resnet_medium.onnx,vnncomp2024_benchmarks/benchmarks/tinyimagenet/vnnlib/TinyImageNet_resnet_medium_prop_idx_1760_sidx_899_eps_0.0039.vnnlib,46.913500988,run_instance_timeout,160.004739068
tinyimagenet,vnncomp2024_benchmarks/benchmarks/tinyimagenet/onnx/TinyImageNet_resnet_medium.onnx,vnncomp2024_benchmarks/benchmarks/tinyimagenet/vnnlib/TinyImageNet_resnet_medium_prop_idx_4407_sidx_4717_eps_0.0039.vnnlib,46.589457646,run_instance_timeout,160.005266802
tinyimagenet,vnncomp2024_benchmarks/benchmarks/tinyimagenet/onnx/TinyImageNet_resnet_medium.onnx,vnncomp2024_benchmarks/benchmarks/tinyimagenet/vnnlib/TinyImageNet_resnet_medium_prop_idx_568_sidx_8816_eps_0.0039.vnnlib,46.464142451,run_instance_timeout,160.005070300
tinyimagenet,vnncomp2024_benchmarks/benchmarks/tinyimagenet/onnx/TinyImageNet_resnet_medium.onnx,vnncomp2024_benchmarks/benchmarks/tinyimagenet/vnnlib/TinyImageNet_resnet_medium_prop_idx_1093_sidx_4490_eps_0.0039.vnnlib,46.758672034,run_instance_timeout,160.005096259
tinyimagenet,vnncomp2024_benchmarks/benchmarks/tinyimagenet/onnx/TinyImageNet_resnet_medium.onnx,vnncomp2024_benchmarks/benchmarks/tinyimagenet/vnnlib/TinyImageNet_resnet_medium_prop_idx_1853_sidx_6533_eps_0.0039.vnnlib,46.669629996,sat,19.190606703
tinyimagenet,vnncomp2024_benchmarks/benchmarks/tinyimagenet/onnx/TinyImageNet_resnet_medium.onnx,vnncomp2024_benchmarks/benchmarks/tinyimagenet/vnnlib/TinyImageNet_resnet_medium_prop_idx_7834_sidx_9391_eps_0.0039.vnnlib,46.512532815,sat,10.142890390
tinyimagenet,vnncomp2024_benchmarks/benchmarks/tinyimagenet/onnx/TinyImageNet_resnet_medium.onnx,vnncomp2024_benchmarks/benchmarks/tinyimagenet/vnnlib/TinyImageNet_resnet_medium_prop_idx_2936_sidx_7810_eps_0.0039.vnnlib,46.479590656,run_instance_timeout,160.005054534
tinyimagenet,vnncomp2024_benchmarks/benchmarks/tinyimagenet/onnx/TinyImageNet_resnet_medium.onnx,vnncomp2024_benchmarks/benchmarks/tinyimagenet/vnnlib/TinyImageNet_resnet_medium_prop_idx_4686_sidx_8792_eps_0.0039.vnnlib,46.428739844,run_instance_timeout,160.005178929
tinyimagenet,vnncomp2024_benchmarks/benchmarks/tinyimagenet/onnx/TinyImageNet_resnet_medium.onnx,vnncomp2024_benchmarks/benchmarks/tinyimagenet/vnnlib/TinyImageNet_resnet_medium_prop_idx_6077_sidx_9485_eps_0.0039.vnnlib,46.546133337,run_instance_timeout,160.005260191
tinyimagenet,vnncomp2024_benchmarks/benchmarks/tinyimagenet/onnx/TinyImageNet_resnet_medium.onnx,vnncomp2024_benchmarks/benchmarks/tinyimagenet/vnnlib/TinyImageNet_resnet_medium_prop_idx_8170_sidx_3334_eps_0.0039.vnnlib,46.930430507,run_instance_timeout,160.004950371
tinyimagenet,vnncomp2024_benchmarks/benchmarks/tinyimagenet/onnx/TinyImageNet_resnet_medium.onnx,vnncomp2024_benchmarks/benchmarks/tinyimagenet/vnnlib/TinyImageNet_resnet_medium_prop_idx_2823_sidx_3967_eps_0.0039.vnnlib,46.872618035,run_instance_timeout,160.005495908
tinyimagenet,vnncomp2024_benchmarks/benchmarks/test/test_nano.onnx,vnncomp2024_benchmarks/benchmarks/test/test_nano.vnnlib,3.104890015,unsat,6.096392832
