nn4sys_2023,vnncomp2024_benchmarks/benchmarks/nn4sys_2023/onnx/pensieve_big_parallel.onnx,vnncomp2024_benchmarks/benchmarks/nn4sys_2023/vnnlib/pensieve_parallel_0.vnnlib,1.868559082,unsat,9.560629268
nn4sys_2023,vnncomp2024_benchmarks/benchmarks/nn4sys_2023/onnx/pensieve_small_simple.onnx,vnncomp2024_benchmarks/benchmarks/nn4sys_2023/vnnlib/pensieve_simple_1.vnnlib,1.981737979,unsat,7.497399174
nn4sys_2023,vnncomp2024_benchmarks/benchmarks/nn4sys_2023/onnx/pensieve_small_simple.onnx,vnncomp2024_benchmarks/benchmarks/nn4sys_2023/vnnlib/pensieve_simple_2.vnnlib,2.033079084,unsat,7.539002314
nn4sys_2023,vnncomp2024_benchmarks/benchmarks/nn4sys_2023/onnx/pensieve_big_simple.onnx,vnncomp2024_benchmarks/benchmarks/nn4sys_2023/vnnlib/pensieve_simple_3.vnnlib,2.028036845,unsat,7.698674893
nn4sys_2023,vnncomp2024_benchmarks/benchmarks/nn4sys_2023/onnx/pensieve_small_parallel.onnx,vnncomp2024_benchmarks/benchmarks/nn4sys_2023/vnnlib/pensieve_parallel_4.vnnlib,1.851694238,unsat,9.047472233
nn4sys_2023,vnncomp2024_benchmarks/benchmarks/nn4sys_2023/onnx/pensieve_small_simple.onnx,vnncomp2024_benchmarks/benchmarks/nn4sys_2023/vnnlib/pensieve_simple_5.vnnlib,1.952088859,unsat,7.420904562
nn4sys_2023,vnncomp2024_benchmarks/benchmarks/nn4sys_2023/onnx/pensieve_small_simple.onnx,vnncomp2024_benchmarks/benchmarks/nn4sys_2023/vnnlib/pensieve_simple_6.vnnlib,2.010240800,unsat,7.469471684
nn4sys_2023,vnncomp2024_benchmarks/benchmarks/nn4sys_2023/onnx/pensieve_big_parallel.onnx,vnncomp2024_benchmarks/benchmarks/nn4sys_2023/vnnlib/pensieve_parallel_7.vnnlib,1.861723147,unsat,9.590356798
nn4sys_2023,vnncomp2024_benchmarks/benchmarks/nn4sys_2023/onnx/pensieve_small_parallel.onnx,vnncomp2024_benchmarks/benchmarks/nn4sys_2023/vnnlib/pensieve_parallel_8.vnnlib,1.867717483,unsat,8.981644095
nn4sys_2023,vnncomp2024_benchmarks/benchmarks/nn4sys_2023/onnx/pensieve_small_parallel.onnx,vnncomp2024_benchmarks/benchmarks/nn4sys_2023/vnnlib/pensieve_parallel_9.vnnlib,1.858949745,unsat,8.920635587
nn4sys_2023,vnncomp2024_benchmarks/benchmarks/nn4sys_2023/onnx/pensieve_mid_simple.onnx,vnncomp2024_benchmarks/benchmarks/nn4sys_2023/vnnlib/pensieve_simple_10.vnnlib,1.955578920,unsat,7.685606364
nn4sys_2023,vnncomp2024_benchmarks/benchmarks/nn4sys_2023/onnx/pensieve_mid_simple.onnx,vnncomp2024_benchmarks/benchmarks/nn4sys_2023/vnnlib/pensieve_simple_11.vnnlib,2.018862735,unsat,7.706922877
nn4sys_2023,vnncomp2024_benchmarks/benchmarks/nn4sys_2023/onnx/pensieve_small_simple.onnx,vnncomp2024_benchmarks/benchmarks/nn4sys_2023/vnnlib/pensieve_simple_12.vnnlib,2.026546071,unsat,7.527233365
nn4sys_2023,vnncomp2024_benchmarks/benchmarks/nn4sys_2023/onnx/pensieve_small_simple.onnx,vnncomp2024_benchmarks/benchmarks/nn4sys_2023/vnnlib/pensieve_simple_13.vnnlib,1.959860613,unsat,7.432508780
nn4sys_2023,vnncomp2024_benchmarks/benchmarks/nn4sys_2023/onnx/pensieve_big_simple.onnx,vnncomp2024_benchmarks/benchmarks/nn4sys_2023/vnnlib/pensieve_simple_14.vnnlib,2.027828123,unsat,7.706677989
nn4sys_2023,vnncomp2024_benchmarks/benchmarks/nn4sys_2023/onnx/pensieve_small_parallel.onnx,vnncomp2024_benchmarks/benchmarks/nn4sys_2023/vnnlib/pensieve_parallel_15.vnnlib,1.858835891,unsat,8.949694723
nn4sys_2023,vnncomp2024_benchmarks/benchmarks/nn4sys_2023/onnx/pensieve_big_parallel.onnx,vnncomp2024_benchmarks/benchmarks/nn4sys_2023/vnnlib/pensieve_parallel_16.vnnlib,1.863186412,unsat,9.573074046
nn4sys_2023,vnncomp2024_benchmarks/benchmarks/nn4sys_2023/onnx/pensieve_big_parallel.onnx,vnncomp2024_benchmarks/benchmarks/nn4sys_2023/vnnlib/pensieve_parallel_17.vnnlib,1.870797844,unsat,9.561492942
nn4sys_2023,vnncomp2024_benchmarks/benchmarks/nn4sys_2023/onnx/pensieve_small_simple.onnx,vnncomp2024_benchmarks/benchmarks/nn4sys_2023/vnnlib/pensieve_simple_18.vnnlib,1.957617673,unsat,7.501850571
nn4sys_2023,vnncomp2024_benchmarks/benchmarks/nn4sys_2023/onnx/pensieve_small_simple.onnx,vnncomp2024_benchmarks/benchmarks/nn4sys_2023/vnnlib/pensieve_simple_19.vnnlib,2.028874924,unsat,7.522253138
nn4sys_2023,vnncomp2024_benchmarks/benchmarks/nn4sys_2023/onnx/pensieve_big_simple.onnx,vnncomp2024_benchmarks/benchmarks/nn4sys_2023/vnnlib/pensieve_simple_20.vnnlib,1.957085760,unsat,7.665030281
nn4sys_2023,vnncomp2024_benchmarks/benchmarks/nn4sys_2023/onnx/pensieve_big_parallel.onnx,vnncomp2024_benchmarks/benchmarks/nn4sys_2023/vnnlib/pensieve_parallel_21.vnnlib,1.868070952,unsat,9.712065138
nn4sys_2023,vnncomp2024_benchmarks/benchmarks/nn4sys_2023/onnx/pensieve_mid_simple.onnx,vnncomp2024_benchmarks/benchmarks/nn4sys_2023/vnnlib/pensieve_simple_22.vnnlib,1.986578494,unsat,7.586616296
nn4sys_2023,vnncomp2024_benchmarks/benchmarks/nn4sys_2023/onnx/pensieve_big_simple.onnx,vnncomp2024_benchmarks/benchmarks/nn4sys_2023/vnnlib/pensieve_simple_23.vnnlib,1.955751596,unsat,7.625393163
nn4sys_2023,vnncomp2024_benchmarks/benchmarks/nn4sys_2023/onnx/pensieve_small_simple.onnx,vnncomp2024_benchmarks/benchmarks/nn4sys_2023/vnnlib/pensieve_simple_24.vnnlib,2.024301585,unsat,7.512311393
nn4sys_2023,vnncomp2024_benchmarks/benchmarks/nn4sys_2023/onnx/pensieve_big_parallel.onnx,vnncomp2024_benchmarks/benchmarks/nn4sys_2023/vnnlib/pensieve_parallel_25.vnnlib,1.864380826,unsat,9.607455300
nn4sys_2023,vnncomp2024_benchmarks/benchmarks/nn4sys_2023/onnx/pensieve_small_parallel.onnx,vnncomp2024_benchmarks/benchmarks/nn4sys_2023/vnnlib/pensieve_parallel_26.vnnlib,1.860984510,unsat,9.058721716
nn4sys_2023,vnncomp2024_benchmarks/benchmarks/nn4sys_2023/onnx/pensieve_small_simple.onnx,vnncomp2024_benchmarks/benchmarks/nn4sys_2023/vnnlib/pensieve_simple_27.vnnlib,1.994305140,unsat,7.475589602
nn4sys_2023,vnncomp2024_benchmarks/benchmarks/nn4sys_2023/onnx/pensieve_small_simple.onnx,vnncomp2024_benchmarks/benchmarks/nn4sys_2023/vnnlib/pensieve_simple_28.vnnlib,1.965799663,unsat,7.516384626
nn4sys_2023,vnncomp2024_benchmarks/benchmarks/nn4sys_2023/onnx/pensieve_mid_simple.onnx,vnncomp2024_benchmarks/benchmarks/nn4sys_2023/vnnlib/pensieve_simple_29.vnnlib,2.023101525,unsat,7.677764760
nn4sys_2023,vnncomp2024_benchmarks/benchmarks/nn4sys_2023/onnx/pensieve_mid_simple.onnx,vnncomp2024_benchmarks/benchmarks/nn4sys_2023/vnnlib/pensieve_simple_30.vnnlib,2.025680989,unsat,7.711912198
nn4sys_2023,vnncomp2024_benchmarks/benchmarks/nn4sys_2023/onnx/pensieve_big_simple.onnx,vnncomp2024_benchmarks/benchmarks/nn4sys_2023/vnnlib/pensieve_simple_31.vnnlib,1.965090672,unsat,7.730216188
nn4sys_2023,vnncomp2024_benchmarks/benchmarks/nn4sys_2023/onnx/pensieve_small_parallel.onnx,vnncomp2024_benchmarks/benchmarks/nn4sys_2023/vnnlib/pensieve_parallel_32.vnnlib,1.856118786,unsat,8.939323935
nn4sys_2023,vnncomp2024_benchmarks/benchmarks/nn4sys_2023/onnx/pensieve_mid_simple.onnx,vnncomp2024_benchmarks/benchmarks/nn4sys_2023/vnnlib/pensieve_simple_33.vnnlib,1.985694922,unsat,7.701933853
nn4sys_2023,vnncomp2024_benchmarks/benchmarks/nn4sys_2023/onnx/pensieve_big_parallel.onnx,vnncomp2024_benchmarks/benchmarks/nn4sys_2023/vnnlib/pensieve_parallel_34.vnnlib,1.867650562,unsat,9.724025198
nn4sys_2023,vnncomp2024_benchmarks/benchmarks/nn4sys_2023/onnx/pensieve_big_parallel.onnx,vnncomp2024_benchmarks/benchmarks/nn4sys_2023/vnnlib/pensieve_parallel_35.vnnlib,1.858855586,unsat,13.848254560
nn4sys_2023,vnncomp2024_benchmarks/benchmarks/nn4sys_2023/onnx/pensieve_big_parallel.onnx,vnncomp2024_benchmarks/benchmarks/nn4sys_2023/vnnlib/pensieve_parallel_36.vnnlib,1.860783879,unsat,13.720447060
nn4sys_2023,vnncomp2024_benchmarks/benchmarks/nn4sys_2023/onnx/pensieve_big_parallel.onnx,vnncomp2024_benchmarks/benchmarks/nn4sys_2023/vnnlib/pensieve_parallel_37.vnnlib,1.860607306,unsat,13.712592338
nn4sys_2023,vnncomp2024_benchmarks/benchmarks/nn4sys_2023/onnx/pensieve_big_parallel.onnx,vnncomp2024_benchmarks/benchmarks/nn4sys_2023/vnnlib/pensieve_parallel_38.vnnlib,1.862501752,unsat,13.892918454
nn4sys_2023,vnncomp2024_benchmarks/benchmarks/nn4sys_2023/onnx/pensieve_big_parallel.onnx,vnncomp2024_benchmarks/benchmarks/nn4sys_2023/vnnlib/pensieve_parallel_39.vnnlib,1.864539068,unsat,13.618562379
nn4sys_2023,vnncomp2024_benchmarks/benchmarks/nn4sys_2023/onnx/pensieve_big_parallel.onnx,vnncomp2024_benchmarks/benchmarks/nn4sys_2023/vnnlib/pensieve_parallel_40.vnnlib,1.861163681,unsat,13.741050947
nn4sys_2023,vnncomp2024_benchmarks/benchmarks/nn4sys_2023/onnx/pensieve_big_parallel.onnx,vnncomp2024_benchmarks/benchmarks/nn4sys_2023/vnnlib/pensieve_parallel_41.vnnlib,1.861485108,unsat,13.940890224
nn4sys_2023,vnncomp2024_benchmarks/benchmarks/nn4sys_2023/onnx/pensieve_big_parallel.onnx,vnncomp2024_benchmarks/benchmarks/nn4sys_2023/vnnlib/pensieve_parallel_42.vnnlib,1.860165795,unsat,13.719864449
nn4sys_2023,vnncomp2024_benchmarks/benchmarks/nn4sys_2023/onnx/pensieve_big_parallel.onnx,vnncomp2024_benchmarks/benchmarks/nn4sys_2023/vnnlib/pensieve_parallel_43.vnnlib,1.863807417,unsat,14.190832465
nn4sys_2023,vnncomp2024_benchmarks/benchmarks/nn4sys_2023/onnx/pensieve_big_parallel.onnx,vnncomp2024_benchmarks/benchmarks/nn4sys_2023/vnnlib/pensieve_parallel_44.vnnlib,1.859218519,unsat,13.852936650
nn4sys_2023,vnncomp2024_benchmarks/benchmarks/nn4sys_2023/onnx/pensieve_big_parallel.onnx,vnncomp2024_benchmarks/benchmarks/nn4sys_2023/vnnlib/pensieve_parallel_45.vnnlib,1.862157768,unsat,13.870047558
nn4sys_2023,vnncomp2024_benchmarks/benchmarks/nn4sys_2023/onnx/pensieve_big_parallel.onnx,vnncomp2024_benchmarks/benchmarks/nn4sys_2023/vnnlib/pensieve_parallel_46.vnnlib,1.859908623,unsat,13.997043547
nn4sys_2023,vnncomp2024_benchmarks/benchmarks/nn4sys_2023/onnx/pensieve_big_parallel.onnx,vnncomp2024_benchmarks/benchmarks/nn4sys_2023/vnnlib/pensieve_parallel_47.vnnlib,1.866040995,unsat,13.883957552
nn4sys_2023,vnncomp2024_benchmarks/benchmarks/nn4sys_2023/onnx/pensieve_big_parallel.onnx,vnncomp2024_benchmarks/benchmarks/nn4sys_2023/vnnlib/pensieve_parallel_48.vnnlib,1.865095860,unsat,13.349055661
nn4sys_2023,vnncomp2024_benchmarks/benchmarks/nn4sys_2023/onnx/pensieve_big_parallel.onnx,vnncomp2024_benchmarks/benchmarks/nn4sys_2023/vnnlib/pensieve_parallel_49.vnnlib,1.866933071,unsat,13.954095664
nn4sys_2023,vnncomp2024_benchmarks/benchmarks/nn4sys_2023/onnx/pensieve_big_parallel.onnx,vnncomp2024_benchmarks/benchmarks/nn4sys_2023/vnnlib/pensieve_parallel_50.vnnlib,1.873333531,unsat,13.558952103
nn4sys_2023,vnncomp2024_benchmarks/benchmarks/nn4sys_2023/onnx/pensieve_big_parallel.onnx,vnncomp2024_benchmarks/benchmarks/nn4sys_2023/vnnlib/pensieve_parallel_51.vnnlib,1.860047509,unsat,13.575410841
nn4sys_2023,vnncomp2024_benchmarks/benchmarks/nn4sys_2023/onnx/pensieve_big_parallel.onnx,vnncomp2024_benchmarks/benchmarks/nn4sys_2023/vnnlib/pensieve_parallel_52.vnnlib,1.863130365,unsat,13.884312689
nn4sys_2023,vnncomp2024_benchmarks/benchmarks/nn4sys_2023/onnx/pensieve_big_parallel.onnx,vnncomp2024_benchmarks/benchmarks/nn4sys_2023/vnnlib/pensieve_parallel_53.vnnlib,1.866111228,unsat,14.168996358
nn4sys_2023,vnncomp2024_benchmarks/benchmarks/nn4sys_2023/onnx/pensieve_big_parallel.onnx,vnncomp2024_benchmarks/benchmarks/nn4sys_2023/vnnlib/pensieve_parallel_54.vnnlib,1.865519180,unsat,13.421207958
nn4sys_2023,vnncomp2024_benchmarks/benchmarks/nn4sys_2023/onnx/pensieve_big_parallel.onnx,vnncomp2024_benchmarks/benchmarks/nn4sys_2023/vnnlib/pensieve_parallel_55.vnnlib,1.865954453,unsat,13.995365047
nn4sys_2023,vnncomp2024_benchmarks/benchmarks/nn4sys_2023/onnx/pensieve_big_parallel.onnx,vnncomp2024_benchmarks/benchmarks/nn4sys_2023/vnnlib/pensieve_parallel_56.vnnlib,1.870285828,unsat,13.590332466
nn4sys_2023,vnncomp2024_benchmarks/benchmarks/nn4sys_2023/onnx/pensieve_big_parallel.onnx,vnncomp2024_benchmarks/benchmarks/nn4sys_2023/vnnlib/pensieve_parallel_57.vnnlib,1.867235398,unsat,13.627904320
nn4sys_2023,vnncomp2024_benchmarks/benchmarks/nn4sys_2023/onnx/pensieve_big_parallel.onnx,vnncomp2024_benchmarks/benchmarks/nn4sys_2023/vnnlib/pensieve_parallel_58.vnnlib,1.865411133,unsat,13.677848283
nn4sys_2023,vnncomp2024_benchmarks/benchmarks/nn4sys_2023/onnx/pensieve_big_parallel.onnx,vnncomp2024_benchmarks/benchmarks/nn4sys_2023/vnnlib/pensieve_parallel_59.vnnlib,1.863996301,unsat,14.168489967
nn4sys_2023,vnncomp2024_benchmarks/benchmarks/nn4sys_2023/onnx/pensieve_big_parallel.onnx,vnncomp2024_benchmarks/benchmarks/nn4sys_2023/vnnlib/pensieve_parallel_60.vnnlib,1.861793814,unsat,13.656922063
nn4sys_2023,vnncomp2024_benchmarks/benchmarks/nn4sys_2023/onnx/pensieve_big_parallel.onnx,vnncomp2024_benchmarks/benchmarks/nn4sys_2023/vnnlib/pensieve_parallel_61.vnnlib,1.867922719,unsat,13.870337858
nn4sys_2023,vnncomp2024_benchmarks/benchmarks/nn4sys_2023/onnx/pensieve_big_parallel.onnx,vnncomp2024_benchmarks/benchmarks/nn4sys_2023/vnnlib/pensieve_parallel_62.vnnlib,1.860960127,unsat,13.859143211
nn4sys_2023,vnncomp2024_benchmarks/benchmarks/nn4sys_2023/onnx/pensieve_big_parallel.onnx,vnncomp2024_benchmarks/benchmarks/nn4sys_2023/vnnlib/pensieve_parallel_63.vnnlib,1.864695205,unsat,13.606667941
nn4sys_2023,vnncomp2024_benchmarks/benchmarks/nn4sys_2023/onnx/pensieve_big_parallel.onnx,vnncomp2024_benchmarks/benchmarks/nn4sys_2023/vnnlib/pensieve_parallel_64.vnnlib,1.867011360,unsat,13.627977986
nn4sys_2023,vnncomp2024_benchmarks/benchmarks/nn4sys_2023/onnx/pensieve_big_parallel.onnx,vnncomp2024_benchmarks/benchmarks/nn4sys_2023/vnnlib/pensieve_parallel_65.vnnlib,1.863121133,unsat,13.854667280
nn4sys_2023,vnncomp2024_benchmarks/benchmarks/nn4sys_2023/onnx/pensieve_big_parallel.onnx,vnncomp2024_benchmarks/benchmarks/nn4sys_2023/vnnlib/pensieve_parallel_66.vnnlib,1.871943850,unsat,13.613889173
nn4sys_2023,vnncomp2024_benchmarks/benchmarks/nn4sys_2023/onnx/pensieve_big_parallel.onnx,vnncomp2024_benchmarks/benchmarks/nn4sys_2023/vnnlib/pensieve_parallel_67.vnnlib,1.889215834,unsat,13.570458272
nn4sys_2023,vnncomp2024_benchmarks/benchmarks/nn4sys_2023/onnx/pensieve_big_parallel.onnx,vnncomp2024_benchmarks/benchmarks/nn4sys_2023/vnnlib/pensieve_parallel_68.vnnlib,1.863352181,unsat,13.592634718
nn4sys_2023,vnncomp2024_benchmarks/benchmarks/nn4sys_2023/onnx/pensieve_big_parallel.onnx,vnncomp2024_benchmarks/benchmarks/nn4sys_2023/vnnlib/pensieve_parallel_69.vnnlib,1.860887061,unsat,14.245978721
nn4sys_2023,vnncomp2024_benchmarks/benchmarks/nn4sys_2023/onnx/pensieve_big_parallel.onnx,vnncomp2024_benchmarks/benchmarks/nn4sys_2023/vnnlib/pensieve_parallel_70.vnnlib,1.864086613,unsat,14.230842925
nn4sys_2023,vnncomp2024_benchmarks/benchmarks/nn4sys_2023/onnx/pensieve_big_parallel.onnx,vnncomp2024_benchmarks/benchmarks/nn4sys_2023/vnnlib/pensieve_parallel_71.vnnlib,1.868270647,unsat,14.135326796
nn4sys_2023,vnncomp2024_benchmarks/benchmarks/nn4sys_2023/onnx/pensieve_big_parallel.onnx,vnncomp2024_benchmarks/benchmarks/nn4sys_2023/vnnlib/pensieve_parallel_72.vnnlib,1.868736629,unsat,14.359357307
nn4sys_2023,vnncomp2024_benchmarks/benchmarks/nn4sys_2023/onnx/pensieve_big_parallel.onnx,vnncomp2024_benchmarks/benchmarks/nn4sys_2023/vnnlib/pensieve_parallel_73.vnnlib,1.867890636,unsat,14.167213021
nn4sys_2023,vnncomp2024_benchmarks/benchmarks/nn4sys_2023/onnx/pensieve_big_parallel.onnx,vnncomp2024_benchmarks/benchmarks/nn4sys_2023/vnnlib/pensieve_parallel_74.vnnlib,1.861596548,unsat,14.893587335
nn4sys_2023,vnncomp2024_benchmarks/benchmarks/nn4sys_2023/onnx/pensieve_big_parallel.onnx,vnncomp2024_benchmarks/benchmarks/nn4sys_2023/vnnlib/pensieve_parallel_75.vnnlib,1.867919930,unsat,14.540564554
nn4sys_2023,vnncomp2024_benchmarks/benchmarks/nn4sys_2023/onnx/pensieve_big_parallel.onnx,vnncomp2024_benchmarks/benchmarks/nn4sys_2023/vnnlib/pensieve_parallel_76.vnnlib,1.862949661,unsat,14.147747649
nn4sys_2023,vnncomp2024_benchmarks/benchmarks/nn4sys_2023/onnx/pensieve_big_parallel.onnx,vnncomp2024_benchmarks/benchmarks/nn4sys_2023/vnnlib/pensieve_parallel_77.vnnlib,1.862074816,unsat,14.338491544
nn4sys_2023,vnncomp2024_benchmarks/benchmarks/nn4sys_2023/onnx/pensieve_big_parallel.onnx,vnncomp2024_benchmarks/benchmarks/nn4sys_2023/vnnlib/pensieve_parallel_78.vnnlib,1.857882971,unsat,14.033460912
nn4sys_2023,vnncomp2024_benchmarks/benchmarks/nn4sys_2023/onnx/pensieve_big_parallel.onnx,vnncomp2024_benchmarks/benchmarks/nn4sys_2023/vnnlib/pensieve_parallel_79.vnnlib,1.864109241,unsat,14.226310908
nn4sys_2023,vnncomp2024_benchmarks/benchmarks/nn4sys_2023/onnx/pensieve_big_parallel.onnx,vnncomp2024_benchmarks/benchmarks/nn4sys_2023/vnnlib/pensieve_parallel_80.vnnlib,1.857896380,unsat,14.279516790
nn4sys_2023,vnncomp2024_benchmarks/benchmarks/nn4sys_2023/onnx/pensieve_big_parallel.onnx,vnncomp2024_benchmarks/benchmarks/nn4sys_2023/vnnlib/pensieve_parallel_81.vnnlib,1.861954897,unsat,14.092111044
nn4sys_2023,vnncomp2024_benchmarks/benchmarks/nn4sys_2023/onnx/pensieve_big_parallel.onnx,vnncomp2024_benchmarks/benchmarks/nn4sys_2023/vnnlib/pensieve_parallel_82.vnnlib,1.861369537,unsat,14.337945635
nn4sys_2023,vnncomp2024_benchmarks/benchmarks/nn4sys_2023/onnx/pensieve_big_parallel.onnx,vnncomp2024_benchmarks/benchmarks/nn4sys_2023/vnnlib/pensieve_parallel_83.vnnlib,1.857699414,unsat,14.080557215
nn4sys_2023,vnncomp2024_benchmarks/benchmarks/nn4sys_2023/onnx/pensieve_big_parallel.onnx,vnncomp2024_benchmarks/benchmarks/nn4sys_2023/vnnlib/pensieve_parallel_84.vnnlib,1.861901953,unsat,13.829861391
nn4sys_2023,vnncomp2024_benchmarks/benchmarks/nn4sys_2023/onnx/pensieve_big_parallel.onnx,vnncomp2024_benchmarks/benchmarks/nn4sys_2023/vnnlib/pensieve_parallel_85.vnnlib,1.864808419,unsat,13.913850433
nn4sys_2023,vnncomp2024_benchmarks/benchmarks/nn4sys_2023/onnx/pensieve_big_parallel.onnx,vnncomp2024_benchmarks/benchmarks/nn4sys_2023/vnnlib/pensieve_parallel_86.vnnlib,1.868639337,unsat,14.281561984
nn4sys_2023,vnncomp2024_benchmarks/benchmarks/nn4sys_2023/onnx/pensieve_big_parallel.onnx,vnncomp2024_benchmarks/benchmarks/nn4sys_2023/vnnlib/pensieve_parallel_87.vnnlib,1.866233430,unsat,14.549773225
nn4sys_2023,vnncomp2024_benchmarks/benchmarks/nn4sys_2023/onnx/pensieve_big_parallel.onnx,vnncomp2024_benchmarks/benchmarks/nn4sys_2023/vnnlib/pensieve_parallel_88.vnnlib,1.863196387,unsat,13.851839265
nn4sys_2023,vnncomp2024_benchmarks/benchmarks/nn4sys_2023/onnx/pensieve_big_parallel.onnx,vnncomp2024_benchmarks/benchmarks/nn4sys_2023/vnnlib/pensieve_parallel_89.vnnlib,1.868644491,unsat,13.989142212
nn4sys_2023,vnncomp2024_benchmarks/benchmarks/nn4sys_2023/onnx/pensieve_big_parallel.onnx,vnncomp2024_benchmarks/benchmarks/nn4sys_2023/vnnlib/pensieve_parallel_90.vnnlib,1.869332667,unsat,13.867321999
nn4sys_2023,vnncomp2024_benchmarks/benchmarks/nn4sys_2023/onnx/pensieve_big_parallel.onnx,vnncomp2024_benchmarks/benchmarks/nn4sys_2023/vnnlib/pensieve_parallel_91.vnnlib,1.868019707,unsat,13.867082534
nn4sys_2023,vnncomp2024_benchmarks/benchmarks/nn4sys_2023/onnx/pensieve_big_parallel.onnx,vnncomp2024_benchmarks/benchmarks/nn4sys_2023/vnnlib/pensieve_parallel_92.vnnlib,1.862592393,unsat,14.117299720
nn4sys_2023,vnncomp2024_benchmarks/benchmarks/nn4sys_2023/onnx/pensieve_big_parallel.onnx,vnncomp2024_benchmarks/benchmarks/nn4sys_2023/vnnlib/pensieve_parallel_93.vnnlib,1.864577257,unsat,13.951316248
nn4sys_2023,vnncomp2024_benchmarks/benchmarks/nn4sys_2023/onnx/pensieve_big_parallel.onnx,vnncomp2024_benchmarks/benchmarks/nn4sys_2023/vnnlib/pensieve_parallel_94.vnnlib,1.861470201,unsat,14.131519942
nn4sys_2023,vnncomp2024_benchmarks/benchmarks/nn4sys_2023/onnx/pensieve_big_parallel.onnx,vnncomp2024_benchmarks/benchmarks/nn4sys_2023/vnnlib/pensieve_parallel_95.vnnlib,1.862847172,unsat,14.245826547
nn4sys_2023,vnncomp2024_benchmarks/benchmarks/nn4sys_2023/onnx/pensieve_big_parallel.onnx,vnncomp2024_benchmarks/benchmarks/nn4sys_2023/vnnlib/pensieve_parallel_96.vnnlib,1.868232349,unsat,13.811552956
nn4sys_2023,vnncomp2024_benchmarks/benchmarks/nn4sys_2023/onnx/pensieve_big_parallel.onnx,vnncomp2024_benchmarks/benchmarks/nn4sys_2023/vnnlib/pensieve_parallel_97.vnnlib,1.867585518,unsat,14.187816532
nn4sys_2023,vnncomp2024_benchmarks/benchmarks/nn4sys_2023/onnx/pensieve_big_parallel.onnx,vnncomp2024_benchmarks/benchmarks/nn4sys_2023/vnnlib/pensieve_parallel_98.vnnlib,1.859091068,unsat,14.902572954
nn4sys_2023,vnncomp2024_benchmarks/benchmarks/nn4sys_2023/onnx/pensieve_big_parallel.onnx,vnncomp2024_benchmarks/benchmarks/nn4sys_2023/vnnlib/pensieve_parallel_99.vnnlib,1.866853545,unsat,14.208591149
nn4sys_2023,vnncomp2024_benchmarks/benchmarks/nn4sys_2023/onnx/pensieve_big_parallel.onnx,vnncomp2024_benchmarks/benchmarks/nn4sys_2023/vnnlib/pensieve_parallel_100.vnnlib,1.865713038,unsat,13.981257993
nn4sys_2023,vnncomp2024_benchmarks/benchmarks/nn4sys_2023/onnx/pensieve_big_parallel.onnx,vnncomp2024_benchmarks/benchmarks/nn4sys_2023/vnnlib/pensieve_parallel_101.vnnlib,1.861044582,unsat,14.098745492
nn4sys_2023,vnncomp2024_benchmarks/benchmarks/nn4sys_2023/onnx/pensieve_big_parallel.onnx,vnncomp2024_benchmarks/benchmarks/nn4sys_2023/vnnlib/pensieve_parallel_102.vnnlib,1.863103985,unsat,14.543828233
nn4sys_2023,vnncomp2024_benchmarks/benchmarks/nn4sys_2023/onnx/pensieve_big_parallel.onnx,vnncomp2024_benchmarks/benchmarks/nn4sys_2023/vnnlib/pensieve_parallel_103.vnnlib,1.866424230,unsat,14.507446233
nn4sys_2023,vnncomp2024_benchmarks/benchmarks/nn4sys_2023/onnx/pensieve_big_parallel.onnx,vnncomp2024_benchmarks/benchmarks/nn4sys_2023/vnnlib/pensieve_parallel_104.vnnlib,1.892079682,unsat,14.508039814
nn4sys_2023,vnncomp2024_benchmarks/benchmarks/nn4sys_2023/onnx/lindex.onnx,vnncomp2024_benchmarks/benchmarks/nn4sys_2023/vnnlib/lindex_1.vnnlib,2.002942556,unsat,6.213156349
nn4sys_2023,vnncomp2024_benchmarks/benchmarks/nn4sys_2023/onnx/lindex_deep.onnx,vnncomp2024_benchmarks/benchmarks/nn4sys_2023/vnnlib/lindex_1.vnnlib,2.032604353,unsat,6.288207855
nn4sys_2023,vnncomp2024_benchmarks/benchmarks/nn4sys_2023/onnx/lindex.onnx,vnncomp2024_benchmarks/benchmarks/nn4sys_2023/vnnlib/lindex_200.vnnlib,2.002948786,unsat,4.799598538
nn4sys_2023,vnncomp2024_benchmarks/benchmarks/nn4sys_2023/onnx/lindex_deep.onnx,vnncomp2024_benchmarks/benchmarks/nn4sys_2023/vnnlib/lindex_200.vnnlib,2.009664155,unsat,5.107903687
nn4sys_2023,vnncomp2024_benchmarks/benchmarks/nn4sys_2023/onnx/lindex.onnx,vnncomp2024_benchmarks/benchmarks/nn4sys_2023/vnnlib/lindex_400.vnnlib,1.993548918,unsat,5.375411194
nn4sys_2023,vnncomp2024_benchmarks/benchmarks/nn4sys_2023/onnx/lindex_deep.onnx,vnncomp2024_benchmarks/benchmarks/nn4sys_2023/vnnlib/lindex_400.vnnlib,2.009081895,unsat,6.029205116
nn4sys_2023,vnncomp2024_benchmarks/benchmarks/nn4sys_2023/onnx/lindex.onnx,vnncomp2024_benchmarks/benchmarks/nn4sys_2023/vnnlib/lindex_600.vnnlib,2.019034308,unsat,6.115686216
nn4sys_2023,vnncomp2024_benchmarks/benchmarks/nn4sys_2023/onnx/lindex_deep.onnx,vnncomp2024_benchmarks/benchmarks/nn4sys_2023/vnnlib/lindex_600.vnnlib,2.010656061,unsat,7.090534742
nn4sys_2023,vnncomp2024_benchmarks/benchmarks/nn4sys_2023/onnx/lindex.onnx,vnncomp2024_benchmarks/benchmarks/nn4sys_2023/vnnlib/lindex_800.vnnlib,2.015043288,unsat,6.723548381
nn4sys_2023,vnncomp2024_benchmarks/benchmarks/nn4sys_2023/onnx/lindex_deep.onnx,vnncomp2024_benchmarks/benchmarks/nn4sys_2023/vnnlib/lindex_800.vnnlib,2.022280128,unsat,7.977148182
nn4sys_2023,vnncomp2024_benchmarks/benchmarks/nn4sys_2023/onnx/lindex.onnx,vnncomp2024_benchmarks/benchmarks/nn4sys_2023/vnnlib/lindex_1000.vnnlib,2.001970136,unsat,7.325855616
nn4sys_2023,vnncomp2024_benchmarks/benchmarks/nn4sys_2023/onnx/lindex_deep.onnx,vnncomp2024_benchmarks/benchmarks/nn4sys_2023/vnnlib/lindex_1000.vnnlib,2.004526362,unsat,8.891700068
nn4sys_2023,vnncomp2024_benchmarks/benchmarks/nn4sys_2023/onnx/lindex.onnx,vnncomp2024_benchmarks/benchmarks/nn4sys_2023/vnnlib/lindex_3000.vnnlib,2.005765564,unsat,13.095988907
nn4sys_2023,vnncomp2024_benchmarks/benchmarks/nn4sys_2023/onnx/lindex_deep.onnx,vnncomp2024_benchmarks/benchmarks/nn4sys_2023/vnnlib/lindex_3000.vnnlib,2.014498009,unsat,13.188329738
nn4sys_2023,vnncomp2024_benchmarks/benchmarks/nn4sys_2023/onnx/lindex.onnx,vnncomp2024_benchmarks/benchmarks/nn4sys_2023/vnnlib/lindex_5000.vnnlib,1.995937189,unsat,17.346816274
nn4sys_2023,vnncomp2024_benchmarks/benchmarks/nn4sys_2023/onnx/lindex_deep.onnx,vnncomp2024_benchmarks/benchmarks/nn4sys_2023/vnnlib/lindex_5000.vnnlib,2.077995889,unsat,17.248721664
nn4sys_2023,vnncomp2024_benchmarks/benchmarks/nn4sys_2023/onnx/lindex.onnx,vnncomp2024_benchmarks/benchmarks/nn4sys_2023/vnnlib/lindex_7000.vnnlib,2.071808976,unsat,21.905441153
nn4sys_2023,vnncomp2024_benchmarks/benchmarks/nn4sys_2023/onnx/lindex_deep.onnx,vnncomp2024_benchmarks/benchmarks/nn4sys_2023/vnnlib/lindex_7000.vnnlib,2.099847947,unsat,21.965019574
nn4sys_2023,vnncomp2024_benchmarks/benchmarks/nn4sys_2023/onnx/lindex.onnx,vnncomp2024_benchmarks/benchmarks/nn4sys_2023/vnnlib/lindex_9000.vnnlib,2.000624335,unsat,26.584768582
nn4sys_2023,vnncomp2024_benchmarks/benchmarks/nn4sys_2023/onnx/lindex_deep.onnx,vnncomp2024_benchmarks/benchmarks/nn4sys_2023/vnnlib/lindex_9000.vnnlib,2.077468666,unsat,26.722434288
nn4sys_2023,vnncomp2024_benchmarks/benchmarks/nn4sys_2023/onnx/lindex.onnx,vnncomp2024_benchmarks/benchmarks/nn4sys_2023/vnnlib/lindex_10000.vnnlib,2.084535748,unsat,29.366722402
nn4sys_2023,vnncomp2024_benchmarks/benchmarks/nn4sys_2023/onnx/lindex_deep.onnx,vnncomp2024_benchmarks/benchmarks/nn4sys_2023/vnnlib/lindex_10000.vnnlib,2.083278812,unsat,29.259088964
nn4sys_2023,vnncomp2024_benchmarks/benchmarks/nn4sys_2023/onnx/lindex.onnx,vnncomp2024_benchmarks/benchmarks/nn4sys_2023/vnnlib/lindex_60000.vnnlib,2.090966448,run_instance_timeout,100.002650875
nn4sys_2023,vnncomp2024_benchmarks/benchmarks/nn4sys_2023/onnx/lindex_deep.onnx,vnncomp2024_benchmarks/benchmarks/nn4sys_2023/vnnlib/lindex_60000.vnnlib,2.112556588,run_instance_timeout,100.002466972
nn4sys_2023,vnncomp2024_benchmarks/benchmarks/nn4sys_2023/onnx/mscn_128d.onnx,vnncomp2024_benchmarks/benchmarks/nn4sys_2023/vnnlib/cardinality_0_1_128.vnnlib,1.869916388,unsat,9.338186391
nn4sys_2023,vnncomp2024_benchmarks/benchmarks/nn4sys_2023/onnx/mscn_128d.onnx,vnncomp2024_benchmarks/benchmarks/nn4sys_2023/vnnlib/cardinality_0_500_128.vnnlib,1.860178030,unsat,12.967381078
nn4sys_2023,vnncomp2024_benchmarks/benchmarks/nn4sys_2023/onnx/mscn_128d.onnx,vnncomp2024_benchmarks/benchmarks/nn4sys_2023/vnnlib/cardinality_0_750_128.vnnlib,1.854314830,unsat,14.536904377
nn4sys_2023,vnncomp2024_benchmarks/benchmarks/nn4sys_2023/onnx/mscn_128d.onnx,vnncomp2024_benchmarks/benchmarks/nn4sys_2023/vnnlib/cardinality_0_1000_128.vnnlib,1.849196006,unsat,15.762252555
nn4sys_2023,vnncomp2024_benchmarks/benchmarks/nn4sys_2023/onnx/mscn_128d.onnx,vnncomp2024_benchmarks/benchmarks/nn4sys_2023/vnnlib/cardinality_0_2120_128.vnnlib,1.855254919,unsat,21.959815527
nn4sys_2023,vnncomp2024_benchmarks/benchmarks/nn4sys_2023/onnx/mscn_128d.onnx,vnncomp2024_benchmarks/benchmarks/nn4sys_2023/vnnlib/cardinality_0_2680_128.vnnlib,1.853450758,unsat,25.062274248
nn4sys_2023,vnncomp2024_benchmarks/benchmarks/nn4sys_2023/onnx/mscn_128d.onnx,vnncomp2024_benchmarks/benchmarks/nn4sys_2023/vnnlib/cardinality_0_3240_128.vnnlib,1.855082880,unsat,28.860383315
nn4sys_2023,vnncomp2024_benchmarks/benchmarks/nn4sys_2023/onnx/mscn_128d.onnx,vnncomp2024_benchmarks/benchmarks/nn4sys_2023/vnnlib/cardinality_0_3800_128.vnnlib,1.857948657,unsat,31.555750198
nn4sys_2023,vnncomp2024_benchmarks/benchmarks/nn4sys_2023/onnx/mscn_128d_dual.onnx,vnncomp2024_benchmarks/benchmarks/nn4sys_2023/vnnlib/cardinality_1_1_128_dual.vnnlib,1.854904711,unsat,8.287301068
nn4sys_2023,vnncomp2024_benchmarks/benchmarks/nn4sys_2023/onnx/mscn_128d_dual.onnx,vnncomp2024_benchmarks/benchmarks/nn4sys_2023/vnnlib/cardinality_1_240_128_dual.vnnlib,1.851362870,unsat,13.222606483
nn4sys_2023,vnncomp2024_benchmarks/benchmarks/nn4sys_2023/onnx/mscn_128d_dual.onnx,vnncomp2024_benchmarks/benchmarks/nn4sys_2023/vnnlib/cardinality_1_360_128_dual.vnnlib,1.858307120,unsat,14.420449644
nn4sys_2023,vnncomp2024_benchmarks/benchmarks/nn4sys_2023/onnx/mscn_128d_dual.onnx,vnncomp2024_benchmarks/benchmarks/nn4sys_2023/vnnlib/cardinality_1_480_128_dual.vnnlib,1.853988735,unsat,14.825714540
nn4sys_2023,vnncomp2024_benchmarks/benchmarks/nn4sys_2023/onnx/mscn_128d_dual.onnx,vnncomp2024_benchmarks/benchmarks/nn4sys_2023/vnnlib/cardinality_1_600_128_dual.vnnlib,1.858749861,unsat,15.328674229
nn4sys_2023,vnncomp2024_benchmarks/benchmarks/nn4sys_2023/onnx/mscn_128d_dual.onnx,vnncomp2024_benchmarks/benchmarks/nn4sys_2023/vnnlib/cardinality_1_720_128_dual.vnnlib,1.857262582,unsat,16.184798364
nn4sys_2023,vnncomp2024_benchmarks/benchmarks/nn4sys_2023/onnx/mscn_128d_dual.onnx,vnncomp2024_benchmarks/benchmarks/nn4sys_2023/vnnlib/cardinality_1_840_128_dual.vnnlib,1.859933448,unsat,15.611565335
nn4sys_2023,vnncomp2024_benchmarks/benchmarks/nn4sys_2023/onnx/mscn_128d_dual.onnx,vnncomp2024_benchmarks/benchmarks/nn4sys_2023/vnnlib/cardinality_1_960_128_dual.vnnlib,1.859418999,unsat,16.587035999
nn4sys_2023,vnncomp2024_benchmarks/benchmarks/nn4sys_2023/onnx/mscn_128d_dual.onnx,vnncomp2024_benchmarks/benchmarks/nn4sys_2023/vnnlib/cardinality_1_2260_128_dual.vnnlib,1.855957713,unsat,27.117850902
nn4sys_2023,vnncomp2024_benchmarks/benchmarks/nn4sys_2023/onnx/mscn_128d_dual.onnx,vnncomp2024_benchmarks/benchmarks/nn4sys_2023/vnnlib/cardinality_1_2890_128_dual.vnnlib,1.865299196,unsat,29.228251052
nn4sys_2023,vnncomp2024_benchmarks/benchmarks/nn4sys_2023/onnx/mscn_128d_dual.onnx,vnncomp2024_benchmarks/benchmarks/nn4sys_2023/vnnlib/cardinality_1_3520_128_dual.vnnlib,1.861092668,unsat,34.559586628
nn4sys_2023,vnncomp2024_benchmarks/benchmarks/nn4sys_2023/onnx/mscn_128d_dual.onnx,vnncomp2024_benchmarks/benchmarks/nn4sys_2023/vnnlib/cardinality_1_4150_128_dual.vnnlib,1.862243093,unsat,37.633586661
nn4sys_2023,vnncomp2024_benchmarks/benchmarks/nn4sys_2023/onnx/mscn_128d_dual.onnx,vnncomp2024_benchmarks/benchmarks/nn4sys_2023/vnnlib/cardinality_1_4780_128_dual.vnnlib,1.856445202,unsat,41.313487872
nn4sys_2023,vnncomp2024_benchmarks/benchmarks/nn4sys_2023/onnx/mscn_128d_dual.onnx,vnncomp2024_benchmarks/benchmarks/nn4sys_2023/vnnlib/cardinality_1_5410_128_dual.vnnlib,1.854967325,unsat,46.516108938
nn4sys_2023,vnncomp2024_benchmarks/benchmarks/nn4sys_2023/onnx/mscn_128d_dual.onnx,vnncomp2024_benchmarks/benchmarks/nn4sys_2023/vnnlib/cardinality_1_6040_128_dual.vnnlib,1.854565926,unsat,50.828838894
nn4sys_2023,vnncomp2024_benchmarks/benchmarks/nn4sys_2023/onnx/mscn_128d_dual.onnx,vnncomp2024_benchmarks/benchmarks/nn4sys_2023/vnnlib/cardinality_1_6670_128_dual.vnnlib,1.856819776,unsat,54.846756184
nn4sys_2023,vnncomp2024_benchmarks/benchmarks/nn4sys_2023/onnx/mscn_128d_dual.onnx,vnncomp2024_benchmarks/benchmarks/nn4sys_2023/vnnlib/cardinality_1_7300_128_dual.vnnlib,1.860574472,unsat,59.797180451
nn4sys_2023,vnncomp2024_benchmarks/benchmarks/nn4sys_2023/onnx/mscn_128d_dual.onnx,vnncomp2024_benchmarks/benchmarks/nn4sys_2023/vnnlib/cardinality_1_7930_128_dual.vnnlib,1.862229019,unsat,64.749105420
nn4sys_2023,vnncomp2024_benchmarks/benchmarks/nn4sys_2023/onnx/mscn_128d_dual.onnx,vnncomp2024_benchmarks/benchmarks/nn4sys_2023/vnnlib/cardinality_1_8560_128_dual.vnnlib,1.858269309,unsat,67.740914718
nn4sys_2023,vnncomp2024_benchmarks/benchmarks/nn4sys_2023/onnx/mscn_128d_dual.onnx,vnncomp2024_benchmarks/benchmarks/nn4sys_2023/vnnlib/cardinality_1_9190_128_dual.vnnlib,1.879828577,unsat,72.405677668
nn4sys_2023,vnncomp2024_benchmarks/benchmarks/nn4sys_2023/onnx/mscn_128d_dual.onnx,vnncomp2024_benchmarks/benchmarks/nn4sys_2023/vnnlib/cardinality_1_9820_128_dual.vnnlib,1.862453057,unsat,74.810041341
nn4sys_2023,vnncomp2024_benchmarks/benchmarks/nn4sys_2023/onnx/mscn_128d_dual.onnx,vnncomp2024_benchmarks/benchmarks/nn4sys_2023/vnnlib/cardinality_1_10450_128_dual.vnnlib,1.851388962,unsat,80.603899387
nn4sys_2023,vnncomp2024_benchmarks/benchmarks/nn4sys_2023/onnx/mscn_128d_dual.onnx,vnncomp2024_benchmarks/benchmarks/nn4sys_2023/vnnlib/cardinality_1_11080_128_dual.vnnlib,1.858085928,unsat,85.919576126
nn4sys_2023,vnncomp2024_benchmarks/benchmarks/nn4sys_2023/onnx/mscn_2048d.onnx,vnncomp2024_benchmarks/benchmarks/nn4sys_2023/vnnlib/cardinality_0_1_2048.vnnlib,1.974590154,unsat,13.170434392
nn4sys_2023,vnncomp2024_benchmarks/benchmarks/nn4sys_2023/onnx/mscn_2048d.onnx,vnncomp2024_benchmarks/benchmarks/nn4sys_2023/vnnlib/cardinality_0_500_2048.vnnlib,1.969076747,unsat,21.696073035
nn4sys_2023,vnncomp2024_benchmarks/benchmarks/nn4sys_2023/onnx/mscn_2048d.onnx,vnncomp2024_benchmarks/benchmarks/nn4sys_2023/vnnlib/cardinality_0_750_2048.vnnlib,1.978757954,unsat,29.202657034
nn4sys_2023,vnncomp2024_benchmarks/benchmarks/nn4sys_2023/onnx/mscn_2048d.onnx,vnncomp2024_benchmarks/benchmarks/nn4sys_2023/vnnlib/cardinality_0_1000_2048.vnnlib,1.976729358,unsat,35.892452931
nn4sys_2023,vnncomp2024_benchmarks/benchmarks/nn4sys_2023/onnx/mscn_2048d.onnx,vnncomp2024_benchmarks/benchmarks/nn4sys_2023/vnnlib/cardinality_0_2120_2048.vnnlib,1.975750510,unsat,29.294847642
nn4sys_2023,vnncomp2024_benchmarks/benchmarks/nn4sys_2023/onnx/mscn_2048d.onnx,vnncomp2024_benchmarks/benchmarks/nn4sys_2023/vnnlib/cardinality_0_2680_2048.vnnlib,2.037756558,unsat,34.471291533
nn4sys_2023,vnncomp2024_benchmarks/benchmarks/nn4sys_2023/onnx/mscn_2048d.onnx,vnncomp2024_benchmarks/benchmarks/nn4sys_2023/vnnlib/cardinality_0_3240_2048.vnnlib,1.972855111,unsat,40.920395343
nn4sys_2023,vnncomp2024_benchmarks/benchmarks/nn4sys_2023/onnx/mscn_2048d.onnx,vnncomp2024_benchmarks/benchmarks/nn4sys_2023/vnnlib/cardinality_0_3800_2048.vnnlib,1.975274001,unsat,45.732381694
nn4sys_2023,vnncomp2024_benchmarks/benchmarks/nn4sys_2023/onnx/mscn_2048d.onnx,vnncomp2024_benchmarks/benchmarks/nn4sys_2023/vnnlib/cardinality_0_4360_2048.vnnlib,1.976681196,unsat,52.184070893
nn4sys_2023,vnncomp2024_benchmarks/benchmarks/nn4sys_2023/onnx/mscn_2048d.onnx,vnncomp2024_benchmarks/benchmarks/nn4sys_2023/vnnlib/cardinality_0_4920_2048.vnnlib,2.022239396,unsat,58.623315820
nn4sys_2023,vnncomp2024_benchmarks/benchmarks/nn4sys_2023/onnx/mscn_2048d.onnx,vnncomp2024_benchmarks/benchmarks/nn4sys_2023/vnnlib/cardinality_0_5480_2048.vnnlib,1.980211778,unsat,63.823932598
nn4sys_2023,vnncomp2024_benchmarks/benchmarks/nn4sys_2023/onnx/mscn_2048d_dual.onnx,vnncomp2024_benchmarks/benchmarks/nn4sys_2023/vnnlib/cardinality_1_1_2048_dual.vnnlib,2.039785964,unsat,13.049764448
nn4sys_2023,vnncomp2024_benchmarks/benchmarks/nn4sys_2023/onnx/mscn_2048d_dual.onnx,vnncomp2024_benchmarks/benchmarks/nn4sys_2023/vnnlib/cardinality_1_240_2048_dual.vnnlib,2.037540916,unsat,18.512381393
nn4sys_2023,vnncomp2024_benchmarks/benchmarks/nn4sys_2023/onnx/mscn_2048d_dual.onnx,vnncomp2024_benchmarks/benchmarks/nn4sys_2023/vnnlib/cardinality_1_360_2048_dual.vnnlib,2.037311729,unsat,22.477491224
nn4sys_2023,vnncomp2024_benchmarks/benchmarks/nn4sys_2023/onnx/mscn_2048d_dual.onnx,vnncomp2024_benchmarks/benchmarks/nn4sys_2023/vnnlib/cardinality_1_480_2048_dual.vnnlib,2.033842449,unsat,26.496671346
nn4sys_2023,vnncomp2024_benchmarks/benchmarks/nn4sys_2023/onnx/mscn_2048d_dual.onnx,vnncomp2024_benchmarks/benchmarks/nn4sys_2023/vnnlib/cardinality_1_600_2048_dual.vnnlib,2.031006564,unsat,32.559366708
nn4sys_2023,vnncomp2024_benchmarks/benchmarks/nn4sys_2023/onnx/mscn_2048d_dual.onnx,vnncomp2024_benchmarks/benchmarks/nn4sys_2023/vnnlib/cardinality_1_720_2048_dual.vnnlib,2.038159996,unsat,37.527699945
nn4sys_2023,vnncomp2024_benchmarks/benchmarks/nn4sys_2023/onnx/mscn_2048d_dual.onnx,vnncomp2024_benchmarks/benchmarks/nn4sys_2023/vnnlib/cardinality_1_840_2048_dual.vnnlib,2.037840162,unsat,40.512981590
nn4sys_2023,vnncomp2024_benchmarks/benchmarks/nn4sys_2023/onnx/mscn_2048d_dual.onnx,vnncomp2024_benchmarks/benchmarks/nn4sys_2023/vnnlib/cardinality_1_960_2048_dual.vnnlib,2.042984900,unsat,46.212052213
nn4sys_2023,vnncomp2024_benchmarks/benchmarks/nn4sys_2023/onnx/mscn_2048d_dual.onnx,vnncomp2024_benchmarks/benchmarks/nn4sys_2023/vnnlib/cardinality_1_2260_2048_dual.vnnlib,2.034684033,unsat,55.086398966
nn4sys_2023,vnncomp2024_benchmarks/benchmarks/nn4sys_2023/onnx/mscn_2048d_dual.onnx,vnncomp2024_benchmarks/benchmarks/nn4sys_2023/vnnlib/cardinality_1_2890_2048_dual.vnnlib,2.037661041,unsat,64.447970510
nn4sys_2023,vnncomp2024_benchmarks/benchmarks/nn4sys_2023/onnx/mscn_2048d_dual.onnx,vnncomp2024_benchmarks/benchmarks/nn4sys_2023/vnnlib/cardinality_1_3520_2048_dual.vnnlib,2.037178241,unsat,70.102342237
nn4sys_2023,vnncomp2024_benchmarks/benchmarks/nn4sys_2023/onnx/mscn_2048d_dual.onnx,vnncomp2024_benchmarks/benchmarks/nn4sys_2023/vnnlib/cardinality_1_4150_2048_dual.vnnlib,2.039845757,unsat,78.912176711
nn4sys_2023,vnncomp2024_benchmarks/benchmarks/nn4sys_2023/onnx/mscn_2048d_dual.onnx,vnncomp2024_benchmarks/benchmarks/nn4sys_2023/vnnlib/cardinality_1_4780_2048_dual.vnnlib,2.033492137,unsat,92.844498997
nn4sys_2023,vnncomp2024_benchmarks/benchmarks/nn4sys_2023/onnx/mscn_2048d_dual.onnx,vnncomp2024_benchmarks/benchmarks/nn4sys_2023/vnnlib/cardinality_1_5410_2048_dual.vnnlib,2.031345252,unsat,104.116992644
nn4sys_2023,vnncomp2024_benchmarks/benchmarks/nn4sys_2023/onnx/mscn_2048d_dual.onnx,vnncomp2024_benchmarks/benchmarks/nn4sys_2023/vnnlib/cardinality_1_6040_2048_dual.vnnlib,2.033909430,unsat,112.765648095
nn4sys_2023,vnncomp2024_benchmarks/benchmarks/nn4sys_2023/onnx/mscn_2048d_dual.onnx,vnncomp2024_benchmarks/benchmarks/nn4sys_2023/vnnlib/cardinality_1_6670_2048_dual.vnnlib,2.037473032,unsat,126.825056082
nn4sys_2023,vnncomp2024_benchmarks/benchmarks/nn4sys_2023/onnx/mscn_2048d_dual.onnx,vnncomp2024_benchmarks/benchmarks/nn4sys_2023/vnnlib/cardinality_1_7300_2048_dual.vnnlib,2.037284300,unsat,137.941608520
nn4sys_2023,vnncomp2024_benchmarks/benchmarks/nn4sys_2023/onnx/mscn_2048d_dual.onnx,vnncomp2024_benchmarks/benchmarks/nn4sys_2023/vnnlib/cardinality_1_7930_2048_dual.vnnlib,2.036379498,unsat,146.276085198
nn4sys_2023,vnncomp2024_benchmarks/benchmarks/nn4sys_2023/onnx/mscn_2048d_dual.onnx,vnncomp2024_benchmarks/benchmarks/nn4sys_2023/vnnlib/cardinality_1_8560_2048_dual.vnnlib,2.032611508,unsat,158.107097762
nn4sys_2023,vnncomp2024_benchmarks/benchmarks/nn4sys_2023/onnx/mscn_2048d_dual.onnx,vnncomp2024_benchmarks/benchmarks/nn4sys_2023/vnnlib/cardinality_1_9190_2048_dual.vnnlib,2.037145424,unsat,167.262300011
nn4sys_2023,vnncomp2024_benchmarks/benchmarks/nn4sys_2023/onnx/mscn_2048d_dual.onnx,vnncomp2024_benchmarks/benchmarks/nn4sys_2023/vnnlib/cardinality_1_9820_2048_dual.vnnlib,2.036002542,unsat,177.529564656
nn4sys_2023,vnncomp2024_benchmarks/benchmarks/nn4sys_2023/onnx/mscn_2048d_dual.onnx,vnncomp2024_benchmarks/benchmarks/nn4sys_2023/vnnlib/cardinality_1_10450_2048_dual.vnnlib,2.031560248,unsat,189.165027045
nn4sys_2023,vnncomp2024_benchmarks/benchmarks/nn4sys_2023/onnx/mscn_2048d_dual.onnx,vnncomp2024_benchmarks/benchmarks/nn4sys_2023/vnnlib/cardinality_1_11080_2048_dual.vnnlib,2.042505027,unsat,187.099976730
nn4sys_2023,vnncomp2024_benchmarks/benchmarks/test/test_nano.onnx,vnncomp2024_benchmarks/benchmarks/test/test_nano.vnnlib,1.986669004,unsat,6.145984434
