tinyimagenet,vnncomp2024_benchmarks/benchmarks/tinyimagenet/TinyImageNet_resnet_medium.onnx,vnncomp2024_benchmarks/benchmarks/tinyimagenet/TinyImageNet_resnet_medium_prop_idx_5936_sidx_6513_eps_0.0039.vnnlib,1.853292690,no_result_in_file,4.722283731
tinyimagenet,vnncomp2024_benchmarks/benchmarks/tinyimagenet/TinyImageNet_resnet_medium.onnx,vnncomp2024_benchmarks/benchmarks/tinyimagenet/TinyImageNet_resnet_medium_prop_idx_9611_sidx_7725_eps_0.0039.vnnlib,1.848048021,no_result_in_file,4.576917480
tinyimagenet,vnncomp2024_benchmarks/benchmarks/tinyimagenet/TinyImageNet_resnet_medium.onnx,vnncomp2024_benchmarks/benchmarks/tinyimagenet/TinyImageNet_resnet_medium_prop_idx_884_sidx_4806_eps_0.0039.vnnlib,1.833721015,no_result_in_file,4.526167356
tinyimagenet,vnncomp2024_benchmarks/benchmarks/tinyimagenet/TinyImageNet_resnet_medium.onnx,vnncomp2024_benchmarks/benchmarks/tinyimagenet/TinyImageNet_resnet_medium_prop_idx_2763_sidx_5006_eps_0.0039.vnnlib,1.847299840,no_result_in_file,4.545535656
tinyimagenet,vnncomp2024_benchmarks/benchmarks/tinyimagenet/TinyImageNet_resnet_medium.onnx,vnncomp2024_benchmarks/benchmarks/tinyimagenet/TinyImageNet_resnet_medium_prop_idx_4603_sidx_2326_eps_0.0039.vnnlib,1.834704867,no_result_in_file,4.542731110
tinyimagenet,vnncomp2024_benchmarks/benchmarks/tinyimagenet/TinyImageNet_resnet_medium.onnx,vnncomp2024_benchmarks/benchmarks/tinyimagenet/TinyImageNet_resnet_medium_prop_idx_1812_sidx_7967_eps_0.0039.vnnlib,1.829164916,no_result_in_file,4.545950582
tinyimagenet,vnncomp2024_benchmarks/benchmarks/tinyimagenet/TinyImageNet_resnet_medium.onnx,vnncomp2024_benchmarks/benchmarks/tinyimagenet/TinyImageNet_resnet_medium_prop_idx_1063_sidx_7948_eps_0.0039.vnnlib,1.834402953,no_result_in_file,4.525698933
tinyimagenet,vnncomp2024_benchmarks/benchmarks/tinyimagenet/TinyImageNet_resnet_medium.onnx,vnncomp2024_benchmarks/benchmarks/tinyimagenet/TinyImageNet_resnet_medium_prop_idx_216_sidx_6006_eps_0.0039.vnnlib,1.836788818,no_result_in_file,4.529898123
tinyimagenet,vnncomp2024_benchmarks/benchmarks/tinyimagenet/TinyImageNet_resnet_medium.onnx,vnncomp2024_benchmarks/benchmarks/tinyimagenet/TinyImageNet_resnet_medium_prop_idx_8852_sidx_1630_eps_0.0039.vnnlib,1.837394114,no_result_in_file,4.531497035
tinyimagenet,vnncomp2024_benchmarks/benchmarks/tinyimagenet/TinyImageNet_resnet_medium.onnx,vnncomp2024_benchmarks/benchmarks/tinyimagenet/TinyImageNet_resnet_medium_prop_idx_516_sidx_8466_eps_0.0039.vnnlib,1.830069558,no_result_in_file,4.515065031
tinyimagenet,vnncomp2024_benchmarks/benchmarks/tinyimagenet/TinyImageNet_resnet_medium.onnx,vnncomp2024_benchmarks/benchmarks/tinyimagenet/TinyImageNet_resnet_medium_prop_idx_8704_sidx_4059_eps_0.0039.vnnlib,1.832324177,no_result_in_file,4.531664967
tinyimagenet,vnncomp2024_benchmarks/benchmarks/tinyimagenet/TinyImageNet_resnet_medium.onnx,vnncomp2024_benchmarks/benchmarks/tinyimagenet/TinyImageNet_resnet_medium_prop_idx_9417_sidx_5438_eps_0.0039.vnnlib,1.834013660,no_result_in_file,4.511344325
tinyimagenet,vnncomp2024_benchmarks/benchmarks/tinyimagenet/TinyImageNet_resnet_medium.onnx,vnncomp2024_benchmarks/benchmarks/tinyimagenet/TinyImageNet_resnet_medium_prop_idx_930_sidx_5056_eps_0.0039.vnnlib,1.834232202,no_result_in_file,4.518355383
tinyimagenet,vnncomp2024_benchmarks/benchmarks/tinyimagenet/TinyImageNet_resnet_medium.onnx,vnncomp2024_benchmarks/benchmarks/tinyimagenet/TinyImageNet_resnet_medium_prop_idx_6546_sidx_3168_eps_0.0039.vnnlib,1.834105721,no_result_in_file,4.530903216
tinyimagenet,vnncomp2024_benchmarks/benchmarks/tinyimagenet/TinyImageNet_resnet_medium.onnx,vnncomp2024_benchmarks/benchmarks/tinyimagenet/TinyImageNet_resnet_medium_prop_idx_5634_sidx_9441_eps_0.0039.vnnlib,1.832509200,no_result_in_file,4.534499576
tinyimagenet,vnncomp2024_benchmarks/benchmarks/tinyimagenet/TinyImageNet_resnet_medium.onnx,vnncomp2024_benchmarks/benchmarks/tinyimagenet/TinyImageNet_resnet_medium_prop_idx_6461_sidx_2771_eps_0.0039.vnnlib,1.836667377,no_result_in_file,4.513982734
tinyimagenet,vnncomp2024_benchmarks/benchmarks/tinyimagenet/TinyImageNet_resnet_medium.onnx,vnncomp2024_benchmarks/benchmarks/tinyimagenet/TinyImageNet_resnet_medium_prop_idx_7575_sidx_6502_eps_0.0039.vnnlib,1.837815482,no_result_in_file,4.525672494
tinyimagenet,vnncomp2024_benchmarks/benchmarks/tinyimagenet/TinyImageNet_resnet_medium.onnx,vnncomp2024_benchmarks/benchmarks/tinyimagenet/TinyImageNet_resnet_medium_prop_idx_879_sidx_6242_eps_0.0039.vnnlib,1.835618247,no_result_in_file,4.525809174
tinyimagenet,vnncomp2024_benchmarks/benchmarks/tinyimagenet/TinyImageNet_resnet_medium.onnx,vnncomp2024_benchmarks/benchmarks/tinyimagenet/TinyImageNet_resnet_medium_prop_idx_4742_sidx_5455_eps_0.0039.vnnlib,1.836540580,no_result_in_file,4.514080662
tinyimagenet,vnncomp2024_benchmarks/benchmarks/tinyimagenet/TinyImageNet_resnet_medium.onnx,vnncomp2024_benchmarks/benchmarks/tinyimagenet/TinyImageNet_resnet_medium_prop_idx_2301_sidx_9400_eps_0.0039.vnnlib,1.835250563,no_result_in_file,4.534513749
tinyimagenet,vnncomp2024_benchmarks/benchmarks/tinyimagenet/TinyImageNet_resnet_medium.onnx,vnncomp2024_benchmarks/benchmarks/tinyimagenet/TinyImageNet_resnet_medium_prop_idx_6923_sidx_8593_eps_0.0039.vnnlib,1.843223153,no_result_in_file,4.545873921
tinyimagenet,vnncomp2024_benchmarks/benchmarks/tinyimagenet/TinyImageNet_resnet_medium.onnx,vnncomp2024_benchmarks/benchmarks/tinyimagenet/TinyImageNet_resnet_medium_prop_idx_842_sidx_3836_eps_0.0039.vnnlib,1.841786624,no_result_in_file,4.519935035
tinyimagenet,vnncomp2024_benchmarks/benchmarks/tinyimagenet/TinyImageNet_resnet_medium.onnx,vnncomp2024_benchmarks/benchmarks/tinyimagenet/TinyImageNet_resnet_medium_prop_idx_3973_sidx_9461_eps_0.0039.vnnlib,1.835618399,no_result_in_file,4.525467598
tinyimagenet,vnncomp2024_benchmarks/benchmarks/tinyimagenet/TinyImageNet_resnet_medium.onnx,vnncomp2024_benchmarks/benchmarks/tinyimagenet/TinyImageNet_resnet_medium_prop_idx_84_sidx_6303_eps_0.0039.vnnlib,1.832630706,no_result_in_file,4.520350982
tinyimagenet,vnncomp2024_benchmarks/benchmarks/tinyimagenet/TinyImageNet_resnet_medium.onnx,vnncomp2024_benchmarks/benchmarks/tinyimagenet/TinyImageNet_resnet_medium_prop_idx_4954_sidx_1895_eps_0.0039.vnnlib,1.838516112,no_result_in_file,4.527057224
tinyimagenet,vnncomp2024_benchmarks/benchmarks/tinyimagenet/TinyImageNet_resnet_medium.onnx,vnncomp2024_benchmarks/benchmarks/tinyimagenet/TinyImageNet_resnet_medium_prop_idx_9437_sidx_5480_eps_0.0039.vnnlib,1.837927296,no_result_in_file,4.531140589
tinyimagenet,vnncomp2024_benchmarks/benchmarks/tinyimagenet/TinyImageNet_resnet_medium.onnx,vnncomp2024_benchmarks/benchmarks/tinyimagenet/TinyImageNet_resnet_medium_prop_idx_6317_sidx_1454_eps_0.0039.vnnlib,1.829816950,no_result_in_file,4.517998719
tinyimagenet,vnncomp2024_benchmarks/benchmarks/tinyimagenet/TinyImageNet_resnet_medium.onnx,vnncomp2024_benchmarks/benchmarks/tinyimagenet/TinyImageNet_resnet_medium_prop_idx_2112_sidx_5986_eps_0.0039.vnnlib,1.845053393,no_result_in_file,4.539619940
tinyimagenet,vnncomp2024_benchmarks/benchmarks/tinyimagenet/TinyImageNet_resnet_medium.onnx,vnncomp2024_benchmarks/benchmarks/tinyimagenet/TinyImageNet_resnet_medium_prop_idx_1939_sidx_6752_eps_0.0039.vnnlib,1.838112221,no_result_in_file,4.522752101
tinyimagenet,vnncomp2024_benchmarks/benchmarks/tinyimagenet/TinyImageNet_resnet_medium.onnx,vnncomp2024_benchmarks/benchmarks/tinyimagenet/TinyImageNet_resnet_medium_prop_idx_6361_sidx_3572_eps_0.0039.vnnlib,1.830135127,no_result_in_file,4.518897632
tinyimagenet,vnncomp2024_benchmarks/benchmarks/tinyimagenet/TinyImageNet_resnet_medium.onnx,vnncomp2024_benchmarks/benchmarks/tinyimagenet/TinyImageNet_resnet_medium_prop_idx_8660_sidx_1745_eps_0.0039.vnnlib,1.838300682,no_result_in_file,4.522471342
tinyimagenet,vnncomp2024_benchmarks/benchmarks/tinyimagenet/TinyImageNet_resnet_medium.onnx,vnncomp2024_benchmarks/benchmarks/tinyimagenet/TinyImageNet_resnet_medium_prop_idx_8372_sidx_8419_eps_0.0039.vnnlib,1.831899499,no_result_in_file,4.557013570
tinyimagenet,vnncomp2024_benchmarks/benchmarks/tinyimagenet/TinyImageNet_resnet_medium.onnx,vnncomp2024_benchmarks/benchmarks/tinyimagenet/TinyImageNet_resnet_medium_prop_idx_395_sidx_9559_eps_0.0039.vnnlib,1.835807565,no_result_in_file,4.526711871
tinyimagenet,vnncomp2024_benchmarks/benchmarks/tinyimagenet/TinyImageNet_resnet_medium.onnx,vnncomp2024_benchmarks/benchmarks/tinyimagenet/TinyImageNet_resnet_medium_prop_idx_1933_sidx_9361_eps_0.0039.vnnlib,1.836389816,no_result_in_file,4.530922725
tinyimagenet,vnncomp2024_benchmarks/benchmarks/tinyimagenet/TinyImageNet_resnet_medium.onnx,vnncomp2024_benchmarks/benchmarks/tinyimagenet/TinyImageNet_resnet_medium_prop_idx_9259_sidx_2193_eps_0.0039.vnnlib,1.834642824,no_result_in_file,4.521792861
tinyimagenet,vnncomp2024_benchmarks/benchmarks/tinyimagenet/TinyImageNet_resnet_medium.onnx,vnncomp2024_benchmarks/benchmarks/tinyimagenet/TinyImageNet_resnet_medium_prop_idx_9340_sidx_2220_eps_0.0039.vnnlib,1.837115231,no_result_in_file,4.525071604
tinyimagenet,vnncomp2024_benchmarks/benchmarks/tinyimagenet/TinyImageNet_resnet_medium.onnx,vnncomp2024_benchmarks/benchmarks/tinyimagenet/TinyImageNet_resnet_medium_prop_idx_1620_sidx_5873_eps_0.0039.vnnlib,1.836644535,no_result_in_file,4.528433827
tinyimagenet,vnncomp2024_benchmarks/benchmarks/tinyimagenet/TinyImageNet_resnet_medium.onnx,vnncomp2024_benchmarks/benchmarks/tinyimagenet/TinyImageNet_resnet_medium_prop_idx_7996_sidx_2038_eps_0.0039.vnnlib,1.833070520,no_result_in_file,4.536247233
tinyimagenet,vnncomp2024_benchmarks/benchmarks/tinyimagenet/TinyImageNet_resnet_medium.onnx,vnncomp2024_benchmarks/benchmarks/tinyimagenet/TinyImageNet_resnet_medium_prop_idx_7926_sidx_589_eps_0.0039.vnnlib,1.842378683,no_result_in_file,4.527502353
tinyimagenet,vnncomp2024_benchmarks/benchmarks/tinyimagenet/TinyImageNet_resnet_medium.onnx,vnncomp2024_benchmarks/benchmarks/tinyimagenet/TinyImageNet_resnet_medium_prop_idx_4965_sidx_4788_eps_0.0039.vnnlib,1.837895605,no_result_in_file,4.529947029
tinyimagenet,vnncomp2024_benchmarks/benchmarks/tinyimagenet/TinyImageNet_resnet_medium.onnx,vnncomp2024_benchmarks/benchmarks/tinyimagenet/TinyImageNet_resnet_medium_prop_idx_5382_sidx_4518_eps_0.0039.vnnlib,1.836735336,no_result_in_file,4.529599949
tinyimagenet,vnncomp2024_benchmarks/benchmarks/tinyimagenet/TinyImageNet_resnet_medium.onnx,vnncomp2024_benchmarks/benchmarks/tinyimagenet/TinyImageNet_resnet_medium_prop_idx_1311_sidx_7237_eps_0.0039.vnnlib,1.842064294,no_result_in_file,4.539786679
tinyimagenet,vnncomp2024_benchmarks/benchmarks/tinyimagenet/TinyImageNet_resnet_medium.onnx,vnncomp2024_benchmarks/benchmarks/tinyimagenet/TinyImageNet_resnet_medium_prop_idx_7889_sidx_4249_eps_0.0039.vnnlib,1.854748797,no_result_in_file,4.527865421
tinyimagenet,vnncomp2024_benchmarks/benchmarks/tinyimagenet/TinyImageNet_resnet_medium.onnx,vnncomp2024_benchmarks/benchmarks/tinyimagenet/TinyImageNet_resnet_medium_prop_idx_5614_sidx_9355_eps_0.0039.vnnlib,1.841092359,no_result_in_file,4.520042206
tinyimagenet,vnncomp2024_benchmarks/benchmarks/tinyimagenet/TinyImageNet_resnet_medium.onnx,vnncomp2024_benchmarks/benchmarks/tinyimagenet/TinyImageNet_resnet_medium_prop_idx_3782_sidx_1103_eps_0.0039.vnnlib,1.834952428,no_result_in_file,4.532611353
tinyimagenet,vnncomp2024_benchmarks/benchmarks/tinyimagenet/TinyImageNet_resnet_medium.onnx,vnncomp2024_benchmarks/benchmarks/tinyimagenet/TinyImageNet_resnet_medium_prop_idx_9079_sidx_5823_eps_0.0039.vnnlib,1.846917352,no_result_in_file,4.526795143
tinyimagenet,vnncomp2024_benchmarks/benchmarks/tinyimagenet/TinyImageNet_resnet_medium.onnx,vnncomp2024_benchmarks/benchmarks/tinyimagenet/TinyImageNet_resnet_medium_prop_idx_1550_sidx_7671_eps_0.0039.vnnlib,1.844375519,no_result_in_file,4.536830323
tinyimagenet,vnncomp2024_benchmarks/benchmarks/tinyimagenet/TinyImageNet_resnet_medium.onnx,vnncomp2024_benchmarks/benchmarks/tinyimagenet/TinyImageNet_resnet_medium_prop_idx_4441_sidx_6620_eps_0.0039.vnnlib,1.838043637,no_result_in_file,4.541203805
tinyimagenet,vnncomp2024_benchmarks/benchmarks/tinyimagenet/TinyImageNet_resnet_medium.onnx,vnncomp2024_benchmarks/benchmarks/tinyimagenet/TinyImageNet_resnet_medium_prop_idx_233_sidx_127_eps_0.0039.vnnlib,1.831270034,no_result_in_file,4.528942388
tinyimagenet,vnncomp2024_benchmarks/benchmarks/tinyimagenet/TinyImageNet_resnet_medium.onnx,vnncomp2024_benchmarks/benchmarks/tinyimagenet/TinyImageNet_resnet_medium_prop_idx_7602_sidx_6083_eps_0.0039.vnnlib,1.835362171,no_result_in_file,4.520947541
tinyimagenet,vnncomp2024_benchmarks/benchmarks/tinyimagenet/TinyImageNet_resnet_medium.onnx,vnncomp2024_benchmarks/benchmarks/tinyimagenet/TinyImageNet_resnet_medium_prop_idx_6112_sidx_1602_eps_0.0039.vnnlib,1.835833426,no_result_in_file,4.523897960
tinyimagenet,vnncomp2024_benchmarks/benchmarks/tinyimagenet/TinyImageNet_resnet_medium.onnx,vnncomp2024_benchmarks/benchmarks/tinyimagenet/TinyImageNet_resnet_medium_prop_idx_3818_sidx_3161_eps_0.0039.vnnlib,1.839282081,no_result_in_file,4.523364083
tinyimagenet,vnncomp2024_benchmarks/benchmarks/tinyimagenet/TinyImageNet_resnet_medium.onnx,vnncomp2024_benchmarks/benchmarks/tinyimagenet/TinyImageNet_resnet_medium_prop_idx_2523_sidx_8847_eps_0.0039.vnnlib,1.841852125,no_result_in_file,4.518274087
tinyimagenet,vnncomp2024_benchmarks/benchmarks/tinyimagenet/TinyImageNet_resnet_medium.onnx,vnncomp2024_benchmarks/benchmarks/tinyimagenet/TinyImageNet_resnet_medium_prop_idx_7583_sidx_4674_eps_0.0039.vnnlib,1.829914529,no_result_in_file,4.534773172
tinyimagenet,vnncomp2024_benchmarks/benchmarks/tinyimagenet/TinyImageNet_resnet_medium.onnx,vnncomp2024_benchmarks/benchmarks/tinyimagenet/TinyImageNet_resnet_medium_prop_idx_7147_sidx_8094_eps_0.0039.vnnlib,1.838986528,no_result_in_file,4.517902628
tinyimagenet,vnncomp2024_benchmarks/benchmarks/tinyimagenet/TinyImageNet_resnet_medium.onnx,vnncomp2024_benchmarks/benchmarks/tinyimagenet/TinyImageNet_resnet_medium_prop_idx_5182_sidx_3085_eps_0.0039.vnnlib,1.833557476,no_result_in_file,4.526156422
tinyimagenet,vnncomp2024_benchmarks/benchmarks/tinyimagenet/TinyImageNet_resnet_medium.onnx,vnncomp2024_benchmarks/benchmarks/tinyimagenet/TinyImageNet_resnet_medium_prop_idx_7819_sidx_6613_eps_0.0039.vnnlib,1.827826962,no_result_in_file,4.523101712
tinyimagenet,vnncomp2024_benchmarks/benchmarks/tinyimagenet/TinyImageNet_resnet_medium.onnx,vnncomp2024_benchmarks/benchmarks/tinyimagenet/TinyImageNet_resnet_medium_prop_idx_2712_sidx_2558_eps_0.0039.vnnlib,1.834644210,no_result_in_file,4.524275038
tinyimagenet,vnncomp2024_benchmarks/benchmarks/tinyimagenet/TinyImageNet_resnet_medium.onnx,vnncomp2024_benchmarks/benchmarks/tinyimagenet/TinyImageNet_resnet_medium_prop_idx_6004_sidx_866_eps_0.0039.vnnlib,1.839067844,no_result_in_file,4.515417949
tinyimagenet,vnncomp2024_benchmarks/benchmarks/tinyimagenet/TinyImageNet_resnet_medium.onnx,vnncomp2024_benchmarks/benchmarks/tinyimagenet/TinyImageNet_resnet_medium_prop_idx_1155_sidx_7208_eps_0.0039.vnnlib,1.836659052,no_result_in_file,4.514600124
tinyimagenet,vnncomp2024_benchmarks/benchmarks/tinyimagenet/TinyImageNet_resnet_medium.onnx,vnncomp2024_benchmarks/benchmarks/tinyimagenet/TinyImageNet_resnet_medium_prop_idx_8796_sidx_3362_eps_0.0039.vnnlib,1.835300732,no_result_in_file,4.526038954
tinyimagenet,vnncomp2024_benchmarks/benchmarks/tinyimagenet/TinyImageNet_resnet_medium.onnx,vnncomp2024_benchmarks/benchmarks/tinyimagenet/TinyImageNet_resnet_medium_prop_idx_6439_sidx_9877_eps_0.0039.vnnlib,1.838661304,no_result_in_file,4.525046350
tinyimagenet,vnncomp2024_benchmarks/benchmarks/tinyimagenet/TinyImageNet_resnet_medium.onnx,vnncomp2024_benchmarks/benchmarks/tinyimagenet/TinyImageNet_resnet_medium_prop_idx_9061_sidx_6826_eps_0.0039.vnnlib,1.840464946,no_result_in_file,4.522844475
tinyimagenet,vnncomp2024_benchmarks/benchmarks/tinyimagenet/TinyImageNet_resnet_medium.onnx,vnncomp2024_benchmarks/benchmarks/tinyimagenet/TinyImageNet_resnet_medium_prop_idx_4109_sidx_3134_eps_0.0039.vnnlib,1.834223265,no_result_in_file,4.523276836
tinyimagenet,vnncomp2024_benchmarks/benchmarks/tinyimagenet/TinyImageNet_resnet_medium.onnx,vnncomp2024_benchmarks/benchmarks/tinyimagenet/TinyImageNet_resnet_medium_prop_idx_7875_sidx_3320_eps_0.0039.vnnlib,1.835886617,no_result_in_file,4.518918308
tinyimagenet,vnncomp2024_benchmarks/benchmarks/tinyimagenet/TinyImageNet_resnet_medium.onnx,vnncomp2024_benchmarks/benchmarks/tinyimagenet/TinyImageNet_resnet_medium_prop_idx_1691_sidx_7704_eps_0.0039.vnnlib,1.840567270,no_result_in_file,4.525994807
tinyimagenet,vnncomp2024_benchmarks/benchmarks/tinyimagenet/TinyImageNet_resnet_medium.onnx,vnncomp2024_benchmarks/benchmarks/tinyimagenet/TinyImageNet_resnet_medium_prop_idx_9157_sidx_3939_eps_0.0039.vnnlib,1.836971790,no_result_in_file,4.527219732
tinyimagenet,vnncomp2024_benchmarks/benchmarks/tinyimagenet/TinyImageNet_resnet_medium.onnx,vnncomp2024_benchmarks/benchmarks/tinyimagenet/TinyImageNet_resnet_medium_prop_idx_6879_sidx_8748_eps_0.0039.vnnlib,1.841117893,no_result_in_file,4.521213955
tinyimagenet,vnncomp2024_benchmarks/benchmarks/tinyimagenet/TinyImageNet_resnet_medium.onnx,vnncomp2024_benchmarks/benchmarks/tinyimagenet/TinyImageNet_resnet_medium_prop_idx_9286_sidx_2489_eps_0.0039.vnnlib,1.837625846,no_result_in_file,4.518037514
tinyimagenet,vnncomp2024_benchmarks/benchmarks/tinyimagenet/TinyImageNet_resnet_medium.onnx,vnncomp2024_benchmarks/benchmarks/tinyimagenet/TinyImageNet_resnet_medium_prop_idx_151_sidx_677_eps_0.0039.vnnlib,1.837331013,no_result_in_file,4.522509832
tinyimagenet,vnncomp2024_benchmarks/benchmarks/tinyimagenet/TinyImageNet_resnet_medium.onnx,vnncomp2024_benchmarks/benchmarks/tinyimagenet/TinyImageNet_resnet_medium_prop_idx_5129_sidx_3656_eps_0.0039.vnnlib,1.832911085,no_result_in_file,4.531544793
tinyimagenet,vnncomp2024_benchmarks/benchmarks/tinyimagenet/TinyImageNet_resnet_medium.onnx,vnncomp2024_benchmarks/benchmarks/tinyimagenet/TinyImageNet_resnet_medium_prop_idx_9825_sidx_6883_eps_0.0039.vnnlib,1.833599976,no_result_in_file,4.526670300
tinyimagenet,vnncomp2024_benchmarks/benchmarks/tinyimagenet/TinyImageNet_resnet_medium.onnx,vnncomp2024_benchmarks/benchmarks/tinyimagenet/TinyImageNet_resnet_medium_prop_idx_4484_sidx_796_eps_0.0039.vnnlib,1.841732470,no_result_in_file,4.529627660
tinyimagenet,vnncomp2024_benchmarks/benchmarks/tinyimagenet/TinyImageNet_resnet_medium.onnx,vnncomp2024_benchmarks/benchmarks/tinyimagenet/TinyImageNet_resnet_medium_prop_idx_8003_sidx_5044_eps_0.0039.vnnlib,1.831820472,no_result_in_file,4.519843509
tinyimagenet,vnncomp2024_benchmarks/benchmarks/tinyimagenet/TinyImageNet_resnet_medium.onnx,vnncomp2024_benchmarks/benchmarks/tinyimagenet/TinyImageNet_resnet_medium_prop_idx_9305_sidx_9711_eps_0.0039.vnnlib,1.835893245,no_result_in_file,4.530815250
tinyimagenet,vnncomp2024_benchmarks/benchmarks/tinyimagenet/TinyImageNet_resnet_medium.onnx,vnncomp2024_benchmarks/benchmarks/tinyimagenet/TinyImageNet_resnet_medium_prop_idx_1244_sidx_7296_eps_0.0039.vnnlib,1.836329560,no_result_in_file,4.523820047
tinyimagenet,vnncomp2024_benchmarks/benchmarks/tinyimagenet/TinyImageNet_resnet_medium.onnx,vnncomp2024_benchmarks/benchmarks/tinyimagenet/TinyImageNet_resnet_medium_prop_idx_4513_sidx_5588_eps_0.0039.vnnlib,1.824605375,no_result_in_file,4.518235735
tinyimagenet,vnncomp2024_benchmarks/benchmarks/tinyimagenet/TinyImageNet_resnet_medium.onnx,vnncomp2024_benchmarks/benchmarks/tinyimagenet/TinyImageNet_resnet_medium_prop_idx_2755_sidx_193_eps_0.0039.vnnlib,1.838774628,no_result_in_file,4.520090159
tinyimagenet,vnncomp2024_benchmarks/benchmarks/tinyimagenet/TinyImageNet_resnet_medium.onnx,vnncomp2024_benchmarks/benchmarks/tinyimagenet/TinyImageNet_resnet_medium_prop_idx_8559_sidx_8887_eps_0.0039.vnnlib,1.831715047,no_result_in_file,4.516233929
tinyimagenet,vnncomp2024_benchmarks/benchmarks/tinyimagenet/TinyImageNet_resnet_medium.onnx,vnncomp2024_benchmarks/benchmarks/tinyimagenet/TinyImageNet_resnet_medium_prop_idx_7064_sidx_7634_eps_0.0039.vnnlib,1.835071321,no_result_in_file,4.552224244
tinyimagenet,vnncomp2024_benchmarks/benchmarks/tinyimagenet/TinyImageNet_resnet_medium.onnx,vnncomp2024_benchmarks/benchmarks/tinyimagenet/TinyImageNet_resnet_medium_prop_idx_6746_sidx_6555_eps_0.0039.vnnlib,1.845756681,no_result_in_file,4.529771178
tinyimagenet,vnncomp2024_benchmarks/benchmarks/tinyimagenet/TinyImageNet_resnet_medium.onnx,vnncomp2024_benchmarks/benchmarks/tinyimagenet/TinyImageNet_resnet_medium_prop_idx_7762_sidx_3616_eps_0.0039.vnnlib,1.843826320,no_result_in_file,4.524993216
tinyimagenet,vnncomp2024_benchmarks/benchmarks/tinyimagenet/TinyImageNet_resnet_medium.onnx,vnncomp2024_benchmarks/benchmarks/tinyimagenet/TinyImageNet_resnet_medium_prop_idx_4043_sidx_9475_eps_0.0039.vnnlib,1.841508680,no_result_in_file,4.518221727
tinyimagenet,vnncomp2024_benchmarks/benchmarks/tinyimagenet/TinyImageNet_resnet_medium.onnx,vnncomp2024_benchmarks/benchmarks/tinyimagenet/TinyImageNet_resnet_medium_prop_idx_2733_sidx_3833_eps_0.0039.vnnlib,1.841367928,no_result_in_file,4.528648404
tinyimagenet,vnncomp2024_benchmarks/benchmarks/tinyimagenet/TinyImageNet_resnet_medium.onnx,vnncomp2024_benchmarks/benchmarks/tinyimagenet/TinyImageNet_resnet_medium_prop_idx_8530_sidx_4707_eps_0.0039.vnnlib,1.828629535,no_result_in_file,4.528041767
tinyimagenet,vnncomp2024_benchmarks/benchmarks/tinyimagenet/TinyImageNet_resnet_medium.onnx,vnncomp2024_benchmarks/benchmarks/tinyimagenet/TinyImageNet_resnet_medium_prop_idx_9485_sidx_8342_eps_0.0039.vnnlib,1.836987652,no_result_in_file,4.527676040
tinyimagenet,vnncomp2024_benchmarks/benchmarks/tinyimagenet/TinyImageNet_resnet_medium.onnx,vnncomp2024_benchmarks/benchmarks/tinyimagenet/TinyImageNet_resnet_medium_prop_idx_4303_sidx_2935_eps_0.0039.vnnlib,1.834495940,no_result_in_file,4.520964783
tinyimagenet,vnncomp2024_benchmarks/benchmarks/tinyimagenet/TinyImageNet_resnet_medium.onnx,vnncomp2024_benchmarks/benchmarks/tinyimagenet/TinyImageNet_resnet_medium_prop_idx_4004_sidx_9594_eps_0.0039.vnnlib,1.827012224,no_result_in_file,4.535270036
tinyimagenet,vnncomp2024_benchmarks/benchmarks/tinyimagenet/TinyImageNet_resnet_medium.onnx,vnncomp2024_benchmarks/benchmarks/tinyimagenet/TinyImageNet_resnet_medium_prop_idx_7851_sidx_4169_eps_0.0039.vnnlib,1.834158612,no_result_in_file,4.526551498
tinyimagenet,vnncomp2024_benchmarks/benchmarks/tinyimagenet/TinyImageNet_resnet_medium.onnx,vnncomp2024_benchmarks/benchmarks/tinyimagenet/TinyImageNet_resnet_medium_prop_idx_4171_sidx_705_eps_0.0039.vnnlib,1.840590775,no_result_in_file,4.522698438
tinyimagenet,vnncomp2024_benchmarks/benchmarks/tinyimagenet/TinyImageNet_resnet_medium.onnx,vnncomp2024_benchmarks/benchmarks/tinyimagenet/TinyImageNet_resnet_medium_prop_idx_8278_sidx_7455_eps_0.0039.vnnlib,1.835745823,no_result_in_file,4.530174470
tinyimagenet,vnncomp2024_benchmarks/benchmarks/tinyimagenet/TinyImageNet_resnet_medium.onnx,vnncomp2024_benchmarks/benchmarks/tinyimagenet/TinyImageNet_resnet_medium_prop_idx_3852_sidx_2848_eps_0.0039.vnnlib,1.833578168,no_result_in_file,4.532364727
tinyimagenet,vnncomp2024_benchmarks/benchmarks/tinyimagenet/TinyImageNet_resnet_medium.onnx,vnncomp2024_benchmarks/benchmarks/tinyimagenet/TinyImageNet_resnet_medium_prop_idx_291_sidx_2370_eps_0.0039.vnnlib,1.839340930,no_result_in_file,4.522391147
tinyimagenet,vnncomp2024_benchmarks/benchmarks/tinyimagenet/TinyImageNet_resnet_medium.onnx,vnncomp2024_benchmarks/benchmarks/tinyimagenet/TinyImageNet_resnet_medium_prop_idx_4142_sidx_3660_eps_0.0039.vnnlib,1.826425624,no_result_in_file,4.522188588
tinyimagenet,vnncomp2024_benchmarks/benchmarks/tinyimagenet/TinyImageNet_resnet_medium.onnx,vnncomp2024_benchmarks/benchmarks/tinyimagenet/TinyImageNet_resnet_medium_prop_idx_1983_sidx_1459_eps_0.0039.vnnlib,1.833871468,no_result_in_file,4.542360666
tinyimagenet,vnncomp2024_benchmarks/benchmarks/tinyimagenet/TinyImageNet_resnet_medium.onnx,vnncomp2024_benchmarks/benchmarks/tinyimagenet/TinyImageNet_resnet_medium_prop_idx_1578_sidx_7829_eps_0.0039.vnnlib,1.843479252,no_result_in_file,4.540784131
tinyimagenet,vnncomp2024_benchmarks/benchmarks/tinyimagenet/TinyImageNet_resnet_medium.onnx,vnncomp2024_benchmarks/benchmarks/tinyimagenet/TinyImageNet_resnet_medium_prop_idx_3236_sidx_6585_eps_0.0039.vnnlib,1.841717132,no_result_in_file,4.532809549
tinyimagenet,vnncomp2024_benchmarks/benchmarks/tinyimagenet/TinyImageNet_resnet_medium.onnx,vnncomp2024_benchmarks/benchmarks/tinyimagenet/TinyImageNet_resnet_medium_prop_idx_9535_sidx_6151_eps_0.0039.vnnlib,1.833557488,no_result_in_file,4.538088074
tinyimagenet,vnncomp2024_benchmarks/benchmarks/tinyimagenet/TinyImageNet_resnet_medium.onnx,vnncomp2024_benchmarks/benchmarks/tinyimagenet/TinyImageNet_resnet_medium_prop_idx_9634_sidx_2838_eps_0.0039.vnnlib,1.839937659,no_result_in_file,4.533921772
tinyimagenet,vnncomp2024_benchmarks/benchmarks/tinyimagenet/TinyImageNet_resnet_medium.onnx,vnncomp2024_benchmarks/benchmarks/tinyimagenet/TinyImageNet_resnet_medium_prop_idx_1519_sidx_867_eps_0.0039.vnnlib,1.828899758,no_result_in_file,4.523310356
tinyimagenet,vnncomp2024_benchmarks/benchmarks/tinyimagenet/TinyImageNet_resnet_medium.onnx,vnncomp2024_benchmarks/benchmarks/tinyimagenet/TinyImageNet_resnet_medium_prop_idx_7289_sidx_1507_eps_0.0039.vnnlib,1.835050176,no_result_in_file,4.534033276
tinyimagenet,vnncomp2024_benchmarks/benchmarks/tinyimagenet/TinyImageNet_resnet_medium.onnx,vnncomp2024_benchmarks/benchmarks/tinyimagenet/TinyImageNet_resnet_medium_prop_idx_9013_sidx_9657_eps_0.0039.vnnlib,1.834073598,no_result_in_file,4.521794840
tinyimagenet,vnncomp2024_benchmarks/benchmarks/tinyimagenet/TinyImageNet_resnet_medium.onnx,vnncomp2024_benchmarks/benchmarks/tinyimagenet/TinyImageNet_resnet_medium_prop_idx_8866_sidx_3431_eps_0.0039.vnnlib,1.832367077,no_result_in_file,4.525951483
tinyimagenet,vnncomp2024_benchmarks/benchmarks/tinyimagenet/TinyImageNet_resnet_medium.onnx,vnncomp2024_benchmarks/benchmarks/tinyimagenet/TinyImageNet_resnet_medium_prop_idx_3754_sidx_2390_eps_0.0039.vnnlib,1.841306627,no_result_in_file,4.530828666
tinyimagenet,vnncomp2024_benchmarks/benchmarks/tinyimagenet/TinyImageNet_resnet_medium.onnx,vnncomp2024_benchmarks/benchmarks/tinyimagenet/TinyImageNet_resnet_medium_prop_idx_206_sidx_7043_eps_0.0039.vnnlib,1.833792994,no_result_in_file,4.521514616
tinyimagenet,vnncomp2024_benchmarks/benchmarks/tinyimagenet/TinyImageNet_resnet_medium.onnx,vnncomp2024_benchmarks/benchmarks/tinyimagenet/TinyImageNet_resnet_medium_prop_idx_4919_sidx_8612_eps_0.0039.vnnlib,1.833595201,no_result_in_file,4.525253577
tinyimagenet,vnncomp2024_benchmarks/benchmarks/tinyimagenet/TinyImageNet_resnet_medium.onnx,vnncomp2024_benchmarks/benchmarks/tinyimagenet/TinyImageNet_resnet_medium_prop_idx_6566_sidx_6025_eps_0.0039.vnnlib,1.833664433,no_result_in_file,4.526169984
tinyimagenet,vnncomp2024_benchmarks/benchmarks/tinyimagenet/TinyImageNet_resnet_medium.onnx,vnncomp2024_benchmarks/benchmarks/tinyimagenet/TinyImageNet_resnet_medium_prop_idx_4434_sidx_5178_eps_0.0039.vnnlib,1.834148248,no_result_in_file,4.523418019
tinyimagenet,vnncomp2024_benchmarks/benchmarks/tinyimagenet/TinyImageNet_resnet_medium.onnx,vnncomp2024_benchmarks/benchmarks/tinyimagenet/TinyImageNet_resnet_medium_prop_idx_2124_sidx_4098_eps_0.0039.vnnlib,1.835086934,no_result_in_file,4.519213863
tinyimagenet,vnncomp2024_benchmarks/benchmarks/tinyimagenet/TinyImageNet_resnet_medium.onnx,vnncomp2024_benchmarks/benchmarks/tinyimagenet/TinyImageNet_resnet_medium_prop_idx_891_sidx_3478_eps_0.0039.vnnlib,1.829913436,no_result_in_file,4.518137190
tinyimagenet,vnncomp2024_benchmarks/benchmarks/tinyimagenet/TinyImageNet_resnet_medium.onnx,vnncomp2024_benchmarks/benchmarks/tinyimagenet/TinyImageNet_resnet_medium_prop_idx_1923_sidx_9398_eps_0.0039.vnnlib,1.833226719,no_result_in_file,4.520811617
tinyimagenet,vnncomp2024_benchmarks/benchmarks/tinyimagenet/TinyImageNet_resnet_medium.onnx,vnncomp2024_benchmarks/benchmarks/tinyimagenet/TinyImageNet_resnet_medium_prop_idx_2476_sidx_1784_eps_0.0039.vnnlib,1.834955134,no_result_in_file,4.523398092
tinyimagenet,vnncomp2024_benchmarks/benchmarks/tinyimagenet/TinyImageNet_resnet_medium.onnx,vnncomp2024_benchmarks/benchmarks/tinyimagenet/TinyImageNet_resnet_medium_prop_idx_449_sidx_7949_eps_0.0039.vnnlib,1.837403387,no_result_in_file,4.516429770
tinyimagenet,vnncomp2024_benchmarks/benchmarks/tinyimagenet/TinyImageNet_resnet_medium.onnx,vnncomp2024_benchmarks/benchmarks/tinyimagenet/TinyImageNet_resnet_medium_prop_idx_126_sidx_1545_eps_0.0039.vnnlib,1.837025097,no_result_in_file,4.536102635
tinyimagenet,vnncomp2024_benchmarks/benchmarks/tinyimagenet/TinyImageNet_resnet_medium.onnx,vnncomp2024_benchmarks/benchmarks/tinyimagenet/TinyImageNet_resnet_medium_prop_idx_6161_sidx_1818_eps_0.0039.vnnlib,1.835575113,no_result_in_file,4.518857263
tinyimagenet,vnncomp2024_benchmarks/benchmarks/tinyimagenet/TinyImageNet_resnet_medium.onnx,vnncomp2024_benchmarks/benchmarks/tinyimagenet/TinyImageNet_resnet_medium_prop_idx_2042_sidx_5377_eps_0.0039.vnnlib,1.838435809,no_result_in_file,4.529287126
tinyimagenet,vnncomp2024_benchmarks/benchmarks/tinyimagenet/TinyImageNet_resnet_medium.onnx,vnncomp2024_benchmarks/benchmarks/tinyimagenet/TinyImageNet_resnet_medium_prop_idx_9746_sidx_4472_eps_0.0039.vnnlib,1.836790205,no_result_in_file,4.544329960
tinyimagenet,vnncomp2024_benchmarks/benchmarks/tinyimagenet/TinyImageNet_resnet_medium.onnx,vnncomp2024_benchmarks/benchmarks/tinyimagenet/TinyImageNet_resnet_medium_prop_idx_6958_sidx_1414_eps_0.0039.vnnlib,1.840577555,no_result_in_file,4.525637880
tinyimagenet,vnncomp2024_benchmarks/benchmarks/tinyimagenet/TinyImageNet_resnet_medium.onnx,vnncomp2024_benchmarks/benchmarks/tinyimagenet/TinyImageNet_resnet_medium_prop_idx_8976_sidx_9052_eps_0.0039.vnnlib,1.844204026,no_result_in_file,4.528637888
tinyimagenet,vnncomp2024_benchmarks/benchmarks/tinyimagenet/TinyImageNet_resnet_medium.onnx,vnncomp2024_benchmarks/benchmarks/tinyimagenet/TinyImageNet_resnet_medium_prop_idx_6843_sidx_3926_eps_0.0039.vnnlib,1.842688140,no_result_in_file,4.533773764
tinyimagenet,vnncomp2024_benchmarks/benchmarks/tinyimagenet/TinyImageNet_resnet_medium.onnx,vnncomp2024_benchmarks/benchmarks/tinyimagenet/TinyImageNet_resnet_medium_prop_idx_1925_sidx_4615_eps_0.0039.vnnlib,1.837021837,no_result_in_file,4.524937466
tinyimagenet,vnncomp2024_benchmarks/benchmarks/tinyimagenet/TinyImageNet_resnet_medium.onnx,vnncomp2024_benchmarks/benchmarks/tinyimagenet/TinyImageNet_resnet_medium_prop_idx_1598_sidx_4780_eps_0.0039.vnnlib,1.837519688,no_result_in_file,4.533248805
tinyimagenet,vnncomp2024_benchmarks/benchmarks/tinyimagenet/TinyImageNet_resnet_medium.onnx,vnncomp2024_benchmarks/benchmarks/tinyimagenet/TinyImageNet_resnet_medium_prop_idx_1058_sidx_5209_eps_0.0039.vnnlib,1.837496798,no_result_in_file,4.537090704
tinyimagenet,vnncomp2024_benchmarks/benchmarks/tinyimagenet/TinyImageNet_resnet_medium.onnx,vnncomp2024_benchmarks/benchmarks/tinyimagenet/TinyImageNet_resnet_medium_prop_idx_6230_sidx_8544_eps_0.0039.vnnlib,1.835458847,no_result_in_file,4.531535250
tinyimagenet,vnncomp2024_benchmarks/benchmarks/tinyimagenet/TinyImageNet_resnet_medium.onnx,vnncomp2024_benchmarks/benchmarks/tinyimagenet/TinyImageNet_resnet_medium_prop_idx_4278_sidx_4302_eps_0.0039.vnnlib,1.844079582,no_result_in_file,4.524757943
tinyimagenet,vnncomp2024_benchmarks/benchmarks/tinyimagenet/TinyImageNet_resnet_medium.onnx,vnncomp2024_benchmarks/benchmarks/tinyimagenet/TinyImageNet_resnet_medium_prop_idx_1145_sidx_3117_eps_0.0039.vnnlib,1.830811380,no_result_in_file,4.546342325
tinyimagenet,vnncomp2024_benchmarks/benchmarks/tinyimagenet/TinyImageNet_resnet_medium.onnx,vnncomp2024_benchmarks/benchmarks/tinyimagenet/TinyImageNet_resnet_medium_prop_idx_5308_sidx_1650_eps_0.0039.vnnlib,1.832959929,no_result_in_file,4.533439179
tinyimagenet,vnncomp2024_benchmarks/benchmarks/tinyimagenet/TinyImageNet_resnet_medium.onnx,vnncomp2024_benchmarks/benchmarks/tinyimagenet/TinyImageNet_resnet_medium_prop_idx_8363_sidx_892_eps_0.0039.vnnlib,1.844739201,no_result_in_file,4.532674928
tinyimagenet,vnncomp2024_benchmarks/benchmarks/tinyimagenet/TinyImageNet_resnet_medium.onnx,vnncomp2024_benchmarks/benchmarks/tinyimagenet/TinyImageNet_resnet_medium_prop_idx_8173_sidx_1641_eps_0.0039.vnnlib,1.848010864,no_result_in_file,4.537380259
tinyimagenet,vnncomp2024_benchmarks/benchmarks/tinyimagenet/TinyImageNet_resnet_medium.onnx,vnncomp2024_benchmarks/benchmarks/tinyimagenet/TinyImageNet_resnet_medium_prop_idx_1527_sidx_2130_eps_0.0039.vnnlib,1.843753683,no_result_in_file,4.533845015
tinyimagenet,vnncomp2024_benchmarks/benchmarks/tinyimagenet/TinyImageNet_resnet_medium.onnx,vnncomp2024_benchmarks/benchmarks/tinyimagenet/TinyImageNet_resnet_medium_prop_idx_4807_sidx_5243_eps_0.0039.vnnlib,1.840149661,no_result_in_file,4.523908965
tinyimagenet,vnncomp2024_benchmarks/benchmarks/tinyimagenet/TinyImageNet_resnet_medium.onnx,vnncomp2024_benchmarks/benchmarks/tinyimagenet/TinyImageNet_resnet_medium_prop_idx_9025_sidx_9203_eps_0.0039.vnnlib,1.835642767,no_result_in_file,4.521912799
tinyimagenet,vnncomp2024_benchmarks/benchmarks/tinyimagenet/TinyImageNet_resnet_medium.onnx,vnncomp2024_benchmarks/benchmarks/tinyimagenet/TinyImageNet_resnet_medium_prop_idx_962_sidx_2870_eps_0.0039.vnnlib,1.838158449,no_result_in_file,4.526629021
tinyimagenet,vnncomp2024_benchmarks/benchmarks/tinyimagenet/TinyImageNet_resnet_medium.onnx,vnncomp2024_benchmarks/benchmarks/tinyimagenet/TinyImageNet_resnet_medium_prop_idx_3938_sidx_8975_eps_0.0039.vnnlib,1.832494817,no_result_in_file,4.526922101
tinyimagenet,vnncomp2024_benchmarks/benchmarks/tinyimagenet/TinyImageNet_resnet_medium.onnx,vnncomp2024_benchmarks/benchmarks/tinyimagenet/TinyImageNet_resnet_medium_prop_idx_1285_sidx_7564_eps_0.0039.vnnlib,1.840602317,no_result_in_file,4.521818126
tinyimagenet,vnncomp2024_benchmarks/benchmarks/tinyimagenet/TinyImageNet_resnet_medium.onnx,vnncomp2024_benchmarks/benchmarks/tinyimagenet/TinyImageNet_resnet_medium_prop_idx_1333_sidx_7700_eps_0.0039.vnnlib,1.836662325,no_result_in_file,4.533086125
tinyimagenet,vnncomp2024_benchmarks/benchmarks/tinyimagenet/TinyImageNet_resnet_medium.onnx,vnncomp2024_benchmarks/benchmarks/tinyimagenet/TinyImageNet_resnet_medium_prop_idx_6356_sidx_8443_eps_0.0039.vnnlib,1.836855430,no_result_in_file,4.537819295
tinyimagenet,vnncomp2024_benchmarks/benchmarks/tinyimagenet/TinyImageNet_resnet_medium.onnx,vnncomp2024_benchmarks/benchmarks/tinyimagenet/TinyImageNet_resnet_medium_prop_idx_7781_sidx_1531_eps_0.0039.vnnlib,1.835749355,no_result_in_file,4.534038507
tinyimagenet,vnncomp2024_benchmarks/benchmarks/tinyimagenet/TinyImageNet_resnet_medium.onnx,vnncomp2024_benchmarks/benchmarks/tinyimagenet/TinyImageNet_resnet_medium_prop_idx_4588_sidx_1076_eps_0.0039.vnnlib,1.831247537,no_result_in_file,4.531933908
tinyimagenet,vnncomp2024_benchmarks/benchmarks/tinyimagenet/TinyImageNet_resnet_medium.onnx,vnncomp2024_benchmarks/benchmarks/tinyimagenet/TinyImageNet_resnet_medium_prop_idx_4464_sidx_4786_eps_0.0039.vnnlib,1.840268503,no_result_in_file,4.526456376
tinyimagenet,vnncomp2024_benchmarks/benchmarks/tinyimagenet/TinyImageNet_resnet_medium.onnx,vnncomp2024_benchmarks/benchmarks/tinyimagenet/TinyImageNet_resnet_medium_prop_idx_2823_sidx_3967_eps_0.0039.vnnlib,1.840199343,no_result_in_file,4.536164861
tinyimagenet,vnncomp2024_benchmarks/benchmarks/tinyimagenet/TinyImageNet_resnet_medium.onnx,vnncomp2024_benchmarks/benchmarks/tinyimagenet/TinyImageNet_resnet_medium_prop_idx_1708_sidx_7957_eps_0.0039.vnnlib,1.833188323,no_result_in_file,4.532867801
tinyimagenet,vnncomp2024_benchmarks/benchmarks/tinyimagenet/TinyImageNet_resnet_medium.onnx,vnncomp2024_benchmarks/benchmarks/tinyimagenet/TinyImageNet_resnet_medium_prop_idx_4900_sidx_382_eps_0.0039.vnnlib,1.831546622,no_result_in_file,4.533364768
tinyimagenet,vnncomp2024_benchmarks/benchmarks/tinyimagenet/TinyImageNet_resnet_medium.onnx,vnncomp2024_benchmarks/benchmarks/tinyimagenet/TinyImageNet_resnet_medium_prop_idx_5330_sidx_7042_eps_0.0039.vnnlib,1.833983973,no_result_in_file,4.525262274
tinyimagenet,vnncomp2024_benchmarks/benchmarks/tinyimagenet/TinyImageNet_resnet_medium.onnx,vnncomp2024_benchmarks/benchmarks/tinyimagenet/TinyImageNet_resnet_medium_prop_idx_2670_sidx_3959_eps_0.0039.vnnlib,1.838305400,no_result_in_file,4.520571335
tinyimagenet,vnncomp2024_benchmarks/benchmarks/tinyimagenet/TinyImageNet_resnet_medium.onnx,vnncomp2024_benchmarks/benchmarks/tinyimagenet/TinyImageNet_resnet_medium_prop_idx_9466_sidx_5613_eps_0.0039.vnnlib,1.831399330,no_result_in_file,4.531395966
tinyimagenet,vnncomp2024_benchmarks/benchmarks/tinyimagenet/TinyImageNet_resnet_medium.onnx,vnncomp2024_benchmarks/benchmarks/tinyimagenet/TinyImageNet_resnet_medium_prop_idx_5718_sidx_3852_eps_0.0039.vnnlib,1.833234460,no_result_in_file,4.519723316
tinyimagenet,vnncomp2024_benchmarks/benchmarks/tinyimagenet/TinyImageNet_resnet_medium.onnx,vnncomp2024_benchmarks/benchmarks/tinyimagenet/TinyImageNet_resnet_medium_prop_idx_3764_sidx_541_eps_0.0039.vnnlib,1.836845676,no_result_in_file,4.529407899
tinyimagenet,vnncomp2024_benchmarks/benchmarks/tinyimagenet/TinyImageNet_resnet_medium.onnx,vnncomp2024_benchmarks/benchmarks/tinyimagenet/TinyImageNet_resnet_medium_prop_idx_9880_sidx_5586_eps_0.0039.vnnlib,1.835158295,no_result_in_file,4.520102171
tinyimagenet,vnncomp2024_benchmarks/benchmarks/tinyimagenet/TinyImageNet_resnet_medium.onnx,vnncomp2024_benchmarks/benchmarks/tinyimagenet/TinyImageNet_resnet_medium_prop_idx_5701_sidx_7560_eps_0.0039.vnnlib,1.833265220,no_result_in_file,4.529063019
tinyimagenet,vnncomp2024_benchmarks/benchmarks/tinyimagenet/TinyImageNet_resnet_medium.onnx,vnncomp2024_benchmarks/benchmarks/tinyimagenet/TinyImageNet_resnet_medium_prop_idx_6773_sidx_7001_eps_0.0039.vnnlib,1.839552120,no_result_in_file,4.529163512
tinyimagenet,vnncomp2024_benchmarks/benchmarks/tinyimagenet/TinyImageNet_resnet_medium.onnx,vnncomp2024_benchmarks/benchmarks/tinyimagenet/TinyImageNet_resnet_medium_prop_idx_9729_sidx_1662_eps_0.0039.vnnlib,1.834485247,no_result_in_file,4.528216500
tinyimagenet,vnncomp2024_benchmarks/benchmarks/tinyimagenet/TinyImageNet_resnet_medium.onnx,vnncomp2024_benchmarks/benchmarks/tinyimagenet/TinyImageNet_resnet_medium_prop_idx_4439_sidx_8451_eps_0.0039.vnnlib,1.835644115,no_result_in_file,4.528957920
tinyimagenet,vnncomp2024_benchmarks/benchmarks/tinyimagenet/TinyImageNet_resnet_medium.onnx,vnncomp2024_benchmarks/benchmarks/tinyimagenet/TinyImageNet_resnet_medium_prop_idx_4461_sidx_4077_eps_0.0039.vnnlib,1.838657874,no_result_in_file,4.524738849
tinyimagenet,vnncomp2024_benchmarks/benchmarks/tinyimagenet/TinyImageNet_resnet_medium.onnx,vnncomp2024_benchmarks/benchmarks/tinyimagenet/TinyImageNet_resnet_medium_prop_idx_4409_sidx_8244_eps_0.0039.vnnlib,1.839046114,no_result_in_file,4.537958116
tinyimagenet,vnncomp2024_benchmarks/benchmarks/tinyimagenet/TinyImageNet_resnet_medium.onnx,vnncomp2024_benchmarks/benchmarks/tinyimagenet/TinyImageNet_resnet_medium_prop_idx_2002_sidx_7461_eps_0.0039.vnnlib,1.838196123,no_result_in_file,4.534710554
tinyimagenet,vnncomp2024_benchmarks/benchmarks/tinyimagenet/TinyImageNet_resnet_medium.onnx,vnncomp2024_benchmarks/benchmarks/tinyimagenet/TinyImageNet_resnet_medium_prop_idx_4535_sidx_3722_eps_0.0039.vnnlib,1.846539206,no_result_in_file,4.528610228
tinyimagenet,vnncomp2024_benchmarks/benchmarks/tinyimagenet/TinyImageNet_resnet_medium.onnx,vnncomp2024_benchmarks/benchmarks/tinyimagenet/TinyImageNet_resnet_medium_prop_idx_2594_sidx_7029_eps_0.0039.vnnlib,1.837714032,no_result_in_file,4.534802027
tinyimagenet,vnncomp2024_benchmarks/benchmarks/tinyimagenet/TinyImageNet_resnet_medium.onnx,vnncomp2024_benchmarks/benchmarks/tinyimagenet/TinyImageNet_resnet_medium_prop_idx_951_sidx_810_eps_0.0039.vnnlib,1.841649264,no_result_in_file,4.526800286
tinyimagenet,vnncomp2024_benchmarks/benchmarks/tinyimagenet/TinyImageNet_resnet_medium.onnx,vnncomp2024_benchmarks/benchmarks/tinyimagenet/TinyImageNet_resnet_medium_prop_idx_2146_sidx_298_eps_0.0039.vnnlib,1.829491197,no_result_in_file,4.532193809
tinyimagenet,vnncomp2024_benchmarks/benchmarks/tinyimagenet/TinyImageNet_resnet_medium.onnx,vnncomp2024_benchmarks/benchmarks/tinyimagenet/TinyImageNet_resnet_medium_prop_idx_4351_sidx_1340_eps_0.0039.vnnlib,1.839613904,no_result_in_file,4.524383023
tinyimagenet,vnncomp2024_benchmarks/benchmarks/tinyimagenet/TinyImageNet_resnet_medium.onnx,vnncomp2024_benchmarks/benchmarks/tinyimagenet/TinyImageNet_resnet_medium_prop_idx_9464_sidx_4415_eps_0.0039.vnnlib,1.834475888,no_result_in_file,4.536938994
tinyimagenet,vnncomp2024_benchmarks/benchmarks/tinyimagenet/TinyImageNet_resnet_medium.onnx,vnncomp2024_benchmarks/benchmarks/tinyimagenet/TinyImageNet_resnet_medium_prop_idx_1831_sidx_5421_eps_0.0039.vnnlib,1.835980990,no_result_in_file,4.521580449
tinyimagenet,vnncomp2024_benchmarks/benchmarks/tinyimagenet/TinyImageNet_resnet_medium.onnx,vnncomp2024_benchmarks/benchmarks/tinyimagenet/TinyImageNet_resnet_medium_prop_idx_5673_sidx_6615_eps_0.0039.vnnlib,1.827242770,no_result_in_file,4.534456700
tinyimagenet,vnncomp2024_benchmarks/benchmarks/tinyimagenet/TinyImageNet_resnet_medium.onnx,vnncomp2024_benchmarks/benchmarks/tinyimagenet/TinyImageNet_resnet_medium_prop_idx_9594_sidx_1336_eps_0.0039.vnnlib,1.848172495,no_result_in_file,4.532392008
tinyimagenet,vnncomp2024_benchmarks/benchmarks/tinyimagenet/TinyImageNet_resnet_medium.onnx,vnncomp2024_benchmarks/benchmarks/tinyimagenet/TinyImageNet_resnet_medium_prop_idx_6906_sidx_5500_eps_0.0039.vnnlib,1.839104517,no_result_in_file,4.519035916
tinyimagenet,vnncomp2024_benchmarks/benchmarks/tinyimagenet/TinyImageNet_resnet_medium.onnx,vnncomp2024_benchmarks/benchmarks/tinyimagenet/TinyImageNet_resnet_medium_prop_idx_2346_sidx_7694_eps_0.0039.vnnlib,1.836797718,no_result_in_file,4.538975742
tinyimagenet,vnncomp2024_benchmarks/benchmarks/tinyimagenet/TinyImageNet_resnet_medium.onnx,vnncomp2024_benchmarks/benchmarks/tinyimagenet/TinyImageNet_resnet_medium_prop_idx_6348_sidx_5048_eps_0.0039.vnnlib,1.830184663,no_result_in_file,4.535856943
tinyimagenet,vnncomp2024_benchmarks/benchmarks/tinyimagenet/TinyImageNet_resnet_medium.onnx,vnncomp2024_benchmarks/benchmarks/tinyimagenet/TinyImageNet_resnet_medium_prop_idx_9945_sidx_2117_eps_0.0039.vnnlib,1.829972610,no_result_in_file,4.529895400
tinyimagenet,vnncomp2024_benchmarks/benchmarks/tinyimagenet/TinyImageNet_resnet_medium.onnx,vnncomp2024_benchmarks/benchmarks/tinyimagenet/TinyImageNet_resnet_medium_prop_idx_9878_sidx_3151_eps_0.0039.vnnlib,1.828542910,no_result_in_file,4.528401432
tinyimagenet,vnncomp2024_benchmarks/benchmarks/tinyimagenet/TinyImageNet_resnet_medium.onnx,vnncomp2024_benchmarks/benchmarks/tinyimagenet/TinyImageNet_resnet_medium_prop_idx_4572_sidx_2108_eps_0.0039.vnnlib,1.836890174,no_result_in_file,4.522297746
tinyimagenet,vnncomp2024_benchmarks/benchmarks/tinyimagenet/TinyImageNet_resnet_medium.onnx,vnncomp2024_benchmarks/benchmarks/tinyimagenet/TinyImageNet_resnet_medium_prop_idx_9998_sidx_4182_eps_0.0039.vnnlib,1.831904450,no_result_in_file,4.524943878
tinyimagenet,vnncomp2024_benchmarks/benchmarks/tinyimagenet/TinyImageNet_resnet_medium.onnx,vnncomp2024_benchmarks/benchmarks/tinyimagenet/TinyImageNet_resnet_medium_prop_idx_7542_sidx_9873_eps_0.0039.vnnlib,1.837777422,no_result_in_file,4.530420607
tinyimagenet,vnncomp2024_benchmarks/benchmarks/tinyimagenet/TinyImageNet_resnet_medium.onnx,vnncomp2024_benchmarks/benchmarks/tinyimagenet/TinyImageNet_resnet_medium_prop_idx_9376_sidx_6124_eps_0.0039.vnnlib,1.837170804,no_result_in_file,4.520431937
tinyimagenet,vnncomp2024_benchmarks/benchmarks/tinyimagenet/TinyImageNet_resnet_medium.onnx,vnncomp2024_benchmarks/benchmarks/tinyimagenet/TinyImageNet_resnet_medium_prop_idx_6597_sidx_4088_eps_0.0039.vnnlib,1.840035594,no_result_in_file,4.524090460
tinyimagenet,vnncomp2024_benchmarks/benchmarks/tinyimagenet/TinyImageNet_resnet_medium.onnx,vnncomp2024_benchmarks/benchmarks/tinyimagenet/TinyImageNet_resnet_medium_prop_idx_4010_sidx_793_eps_0.0039.vnnlib,1.842391284,no_result_in_file,4.525936995
tinyimagenet,vnncomp2024_benchmarks/benchmarks/tinyimagenet/TinyImageNet_resnet_medium.onnx,vnncomp2024_benchmarks/benchmarks/tinyimagenet/TinyImageNet_resnet_medium_prop_idx_8213_sidx_7868_eps_0.0039.vnnlib,1.835758040,no_result_in_file,4.529566502
tinyimagenet,vnncomp2024_benchmarks/benchmarks/tinyimagenet/TinyImageNet_resnet_medium.onnx,vnncomp2024_benchmarks/benchmarks/tinyimagenet/TinyImageNet_resnet_medium_prop_idx_3076_sidx_7376_eps_0.0039.vnnlib,1.835155091,no_result_in_file,4.524698939
tinyimagenet,vnncomp2024_benchmarks/benchmarks/tinyimagenet/TinyImageNet_resnet_medium.onnx,vnncomp2024_benchmarks/benchmarks/tinyimagenet/TinyImageNet_resnet_medium_prop_idx_1134_sidx_5880_eps_0.0039.vnnlib,1.841414641,no_result_in_file,4.523415823
tinyimagenet,vnncomp2024_benchmarks/benchmarks/tinyimagenet/TinyImageNet_resnet_medium.onnx,vnncomp2024_benchmarks/benchmarks/tinyimagenet/TinyImageNet_resnet_medium_prop_idx_7308_sidx_4737_eps_0.0039.vnnlib,1.834479713,no_result_in_file,4.524651638
tinyimagenet,vnncomp2024_benchmarks/benchmarks/tinyimagenet/TinyImageNet_resnet_medium.onnx,vnncomp2024_benchmarks/benchmarks/tinyimagenet/TinyImageNet_resnet_medium_prop_idx_1353_sidx_3549_eps_0.0039.vnnlib,1.834064888,no_result_in_file,4.529588222
tinyimagenet,vnncomp2024_benchmarks/benchmarks/tinyimagenet/TinyImageNet_resnet_medium.onnx,vnncomp2024_benchmarks/benchmarks/tinyimagenet/TinyImageNet_resnet_medium_prop_idx_6014_sidx_2164_eps_0.0039.vnnlib,1.833490810,no_result_in_file,4.518106094
tinyimagenet,vnncomp2024_benchmarks/benchmarks/tinyimagenet/TinyImageNet_resnet_medium.onnx,vnncomp2024_benchmarks/benchmarks/tinyimagenet/TinyImageNet_resnet_medium_prop_idx_3178_sidx_7992_eps_0.0039.vnnlib,1.836464054,no_result_in_file,4.516228685
tinyimagenet,vnncomp2024_benchmarks/benchmarks/tinyimagenet/TinyImageNet_resnet_medium.onnx,vnncomp2024_benchmarks/benchmarks/tinyimagenet/TinyImageNet_resnet_medium_prop_idx_4880_sidx_5810_eps_0.0039.vnnlib,1.842467541,no_result_in_file,4.521683219
tinyimagenet,vnncomp2024_benchmarks/benchmarks/tinyimagenet/TinyImageNet_resnet_medium.onnx,vnncomp2024_benchmarks/benchmarks/tinyimagenet/TinyImageNet_resnet_medium_prop_idx_8232_sidx_7959_eps_0.0039.vnnlib,1.833396488,no_result_in_file,4.525695651
tinyimagenet,vnncomp2024_benchmarks/benchmarks/tinyimagenet/TinyImageNet_resnet_medium.onnx,vnncomp2024_benchmarks/benchmarks/tinyimagenet/TinyImageNet_resnet_medium_prop_idx_2063_sidx_8156_eps_0.0039.vnnlib,1.840176328,no_result_in_file,4.522430278
tinyimagenet,vnncomp2024_benchmarks/benchmarks/tinyimagenet/TinyImageNet_resnet_medium.onnx,vnncomp2024_benchmarks/benchmarks/tinyimagenet/TinyImageNet_resnet_medium_prop_idx_4244_sidx_8624_eps_0.0039.vnnlib,1.834730996,no_result_in_file,4.526496266
tinyimagenet,vnncomp2024_benchmarks/benchmarks/tinyimagenet/TinyImageNet_resnet_medium.onnx,vnncomp2024_benchmarks/benchmarks/tinyimagenet/TinyImageNet_resnet_medium_prop_idx_7134_sidx_9297_eps_0.0039.vnnlib,1.842155835,no_result_in_file,4.522424484
tinyimagenet,vnncomp2024_benchmarks/benchmarks/tinyimagenet/TinyImageNet_resnet_medium.onnx,vnncomp2024_benchmarks/benchmarks/tinyimagenet/TinyImageNet_resnet_medium_prop_idx_3574_sidx_9710_eps_0.0039.vnnlib,1.836082305,no_result_in_file,4.534972286
tinyimagenet,vnncomp2024_benchmarks/benchmarks/tinyimagenet/TinyImageNet_resnet_medium.onnx,vnncomp2024_benchmarks/benchmarks/tinyimagenet/TinyImageNet_resnet_medium_prop_idx_1084_sidx_2960_eps_0.0039.vnnlib,1.832639851,no_result_in_file,4.530062480
tinyimagenet,vnncomp2024_benchmarks/benchmarks/tinyimagenet/TinyImageNet_resnet_medium.onnx,vnncomp2024_benchmarks/benchmarks/tinyimagenet/TinyImageNet_resnet_medium_prop_idx_9419_sidx_9984_eps_0.0039.vnnlib,1.835217716,no_result_in_file,4.526181509
tinyimagenet,vnncomp2024_benchmarks/benchmarks/tinyimagenet/TinyImageNet_resnet_medium.onnx,vnncomp2024_benchmarks/benchmarks/tinyimagenet/TinyImageNet_resnet_medium_prop_idx_5265_sidx_2129_eps_0.0039.vnnlib,1.838139754,no_result_in_file,4.529180220
tinyimagenet,vnncomp2024_benchmarks/benchmarks/tinyimagenet/TinyImageNet_resnet_medium.onnx,vnncomp2024_benchmarks/benchmarks/tinyimagenet/TinyImageNet_resnet_medium_prop_idx_8025_sidx_2680_eps_0.0039.vnnlib,1.839583656,no_result_in_file,4.513125529
tinyimagenet,vnncomp2024_benchmarks/benchmarks/tinyimagenet/TinyImageNet_resnet_medium.onnx,vnncomp2024_benchmarks/benchmarks/tinyimagenet/TinyImageNet_resnet_medium_prop_idx_1039_sidx_3965_eps_0.0039.vnnlib,1.831098326,no_result_in_file,4.523855508
tinyimagenet,vnncomp2024_benchmarks/benchmarks/tinyimagenet/TinyImageNet_resnet_medium.onnx,vnncomp2024_benchmarks/benchmarks/tinyimagenet/TinyImageNet_resnet_medium_prop_idx_9364_sidx_2000_eps_0.0039.vnnlib,1.836058121,no_result_in_file,4.524059637
tinyimagenet,vnncomp2024_benchmarks/benchmarks/tinyimagenet/TinyImageNet_resnet_medium.onnx,vnncomp2024_benchmarks/benchmarks/tinyimagenet/TinyImageNet_resnet_medium_prop_idx_5697_sidx_3303_eps_0.0039.vnnlib,1.838364412,no_result_in_file,4.522304612
tinyimagenet,vnncomp2024_benchmarks/benchmarks/tinyimagenet/TinyImageNet_resnet_medium.onnx,vnncomp2024_benchmarks/benchmarks/tinyimagenet/TinyImageNet_resnet_medium_prop_idx_2587_sidx_1617_eps_0.0039.vnnlib,1.836146152,no_result_in_file,4.520239024
tinyimagenet,vnncomp2024_benchmarks/benchmarks/tinyimagenet/TinyImageNet_resnet_medium.onnx,vnncomp2024_benchmarks/benchmarks/tinyimagenet/TinyImageNet_resnet_medium_prop_idx_5982_sidx_4177_eps_0.0039.vnnlib,1.833919735,no_result_in_file,4.515571460
tinyimagenet,vnncomp2024_benchmarks/benchmarks/tinyimagenet/TinyImageNet_resnet_medium.onnx,vnncomp2024_benchmarks/benchmarks/tinyimagenet/TinyImageNet_resnet_medium_prop_idx_852_sidx_835_eps_0.0039.vnnlib,1.828408190,no_result_in_file,4.520916312
tinyimagenet,vnncomp2024_benchmarks/benchmarks/tinyimagenet/TinyImageNet_resnet_medium.onnx,vnncomp2024_benchmarks/benchmarks/tinyimagenet/TinyImageNet_resnet_medium_prop_idx_1714_sidx_8876_eps_0.0039.vnnlib,1.834176137,no_result_in_file,4.514953567
tinyimagenet,vnncomp2024_benchmarks/benchmarks/test/test_nano.onnx,vnncomp2024_benchmarks/benchmarks/test/test_nano.vnnlib,2.034252475,unsat,3.376035,6.262495100
